video_id,title,description,published_at,views,likes,comments,url,timestamp,like_rate,comment_rate,engagement_rate,category
7l0dkhYR8Vc,how many celebrations can Bruno GuimarÃ£es do in 30s? â°ğŸ‘€ #adidas #football #challenge,,2025-08-09T08:00:16Z,8726,304,4,https://www.youtube.com/watch?v=7l0dkhYR8Vc,,0.034838413935365575,0.00045840018336007336,0.03529681411872565,"{'sequence': 'how many celebrations can Bruno GuimarÃ£es do in 30s? â°ğŸ‘€ #adidas #football #challenge ', 'labels': ['Athlete Feature', 'Product Spotlight', 'Lifestyle and Culture', 'Training and Fitness Tips'], 'scores': [0.6260237693786621, 0.19418172538280487, 0.10882469266653061, 0.07096982002258301]}"
GH30Rq9fdyI,Liverpool new jerseys ğŸ¤ approved âœ…ğŸ˜®â€ğŸ’¨ #adidas #football #liverpool,"Find out more at http://www.adidas.com

Follow us:
Instagram - http://www.instagram.com/adidas
Twitter - https://www.twitter.com/adidas 
TikTok - https://www.tiktok.com/@adidas",2025-08-08T13:00:30Z,11290,655,19,https://www.youtube.com/watch?v=GH30Rq9fdyI,,0.058015943312666074,0.001682905225863596,0.05969884853852967,"{'sequence': 'Liverpool new jerseys ğŸ¤ approved âœ…ğŸ˜®\u200dğŸ’¨ #adidas #football #liverpool Find out more at http://www.adidas.com\n\nFollow us:\nInstagram - http://www.instagram.com/adidas\nTwitter - https://www.twitter.com/adidas \nTikTok - https://www.tiktok.com/@adidas', 'labels': ['Product Spotlight', 'Athlete Feature', 'Lifestyle and Culture', 'Training and Fitness Tips'], 'scores': [0.44468235969543457, 0.3170568645000458, 0.1889987289905548, 0.049262069165706635]}"
sLytz1aMXDQ,anything for bad bunny sneakers ğŸ˜ğŸ’¨ #adidas #mercedes #motorsport,"Find out more at http://www.adidas.com

Follow us:
Instagram - http://www.instagram.com/adidas
Twitter - https://www.twitter.com/adidas 
TikTok - https://www.tiktok.com/@adidas",2025-08-08T08:01:07Z,17838,813,6,https://www.youtube.com/watch?v=sLytz1aMXDQ,,0.04557685839219643,0.0003363605785401951,0.04591321897073663,"{'sequence': 'anything for bad bunny sneakers ğŸ˜ğŸ’¨ #adidas #mercedes #motorsport Find out more at http://www.adidas.com\n\nFollow us:\nInstagram - http://www.instagram.com/adidas\nTwitter - https://www.twitter.com/adidas \nTikTok - https://www.tiktok.com/@adidas', 'labels': ['Product Spotlight', 'Lifestyle and Culture', 'Athlete Feature', 'Training and Fitness Tips'], 'scores': [0.39651960134506226, 0.3022368848323822, 0.22911423444747925, 0.0721292793750763]}"
itvbcXVv6tU,Lamine Yamal | F50 MADE ME DO IT ACT 4 ğŸ˜‰ğŸ¬ #adidas #football #lamineyamal,"no further questions, por favor ğŸ˜‰ğŸ˜®â€ğŸ’¨

Find out more at http://www.adidas.com

Follow us:
Instagram - http://www.instagram.com/adidas
Twitter - https://www.twitter.com/adidas 
TikTok - https://www.tiktok.com/@adidas",2025-08-07T08:00:48Z,65102,2167,38,https://www.youtube.com/watch?v=itvbcXVv6tU,,0.033286227765660044,0.0005836994255168812,0.03386992719117692,"{'sequence': 'Lamine Yamal | F50 MADE ME DO IT ACT 4 ğŸ˜‰ğŸ¬ #adidas #football #lamineyamal no further questions, por favor ğŸ˜‰ğŸ˜®\u200dğŸ’¨\n\nFind out more at http://www.adidas.com\n\nFollow us:\nInstagram - http://www.instagram.com/adidas\nTwitter - https://www.twitter.com/adidas \nTikTok - https://www.tiktok.com/@adidas', 'labels': ['Athlete Feature', 'Product Spotlight', 'Lifestyle and Culture', 'Training and Fitness Tips'], 'scores': [0.3733706474304199, 0.2941893935203552, 0.24916639924049377, 0.0832735076546669]}"
VoJa4PcV18o,Nico ğŸ¤ all of us when we saw the new Como home jersey âœ¨ğŸ˜®â€ğŸ’¨ #adidas #football #como,"Find out more at http://www.adidas.com

Follow us:
Instagram - http://www.instagram.com/adidas
Twitter - https://www.twitter.com/adidas 
TikTok - https://www.tiktok.com/@adidas",2025-08-06T18:43:04Z,185672,2594,29,https://www.youtube.com/watch?v=VoJa4PcV18o,,0.013970873368089965,0.00015618940928088242,0.014127062777370848,"{'sequence': 'Nico ğŸ¤ all of us when we saw the new Como home jersey âœ¨ğŸ˜®\u200dğŸ’¨ #adidas #football #como Find out more at http://www.adidas.com\n\nFollow us:\nInstagram - http://www.instagram.com/adidas\nTwitter - https://www.twitter.com/adidas \nTikTok - https://www.tiktok.com/@adidas', 'labels': ['Product Spotlight', 'Athlete Feature', 'Lifestyle and Culture', 'Training and Fitness Tips'], 'scores': [0.40464386343955994, 0.2999962866306305, 0.25682201981544495, 0.03853782266378403]}"
kvUsUfc_AG0,the best furniture for your place ğŸ˜®â€ğŸ’¨ğŸ”¥ #adidas #mercedes #motorsport,"Find out more at http://www.adidas.com

Follow us:
Instagram - http://www.instagram.com/adidas
Twitter - https://www.twitter.com/adidas 
TikTok - https://www.tiktok.com/@adidas",2025-08-06T08:00:50Z,20569,498,5,https://www.youtube.com/watch?v=kvUsUfc_AG0,,0.024211191599008215,0.00024308425300209052,0.024454275852010307,"{'sequence': 'the best furniture for your place ğŸ˜®\u200dğŸ’¨ğŸ”¥ #adidas #mercedes #motorsport Find out more at http://www.adidas.com\n\nFollow us:\nInstagram - http://www.instagram.com/adidas\nTwitter - https://www.twitter.com/adidas \nTikTok - https://www.tiktok.com/@adidas', 'labels': ['Product Spotlight', 'Lifestyle and Culture', 'Athlete Feature', 'Training and Fitness Tips'], 'scores': [0.5329649448394775, 0.2535949647426605, 0.1592925488948822, 0.054147519171237946]}"
33gjBQKRgN8,Lamine Yamal | F50 MADE ME DO IT ACT 3 ğŸ¤ğŸ¬ #adidas #football #lamineyamal,"on behalf of Lamine, to all defenders in the world: weâ€™re so... F50 Made Me Do It. ğŸ¤

Find out more at http://www.adidas.com

Follow us:
Instagram - http://www.instagram.com/adidas
Twitter - https://www.twitter.com/adidas 
TikTok - https://www.tiktok.com/@adidas",2025-08-05T08:00:06Z,108281,3591,44,https://www.youtube.com/watch?v=33gjBQKRgN8,,0.03316371293209335,0.0004063501445313582,0.03357006307662471,"{'sequence': 'Lamine Yamal | F50 MADE ME DO IT ACT 3 ğŸ¤ğŸ¬ #adidas #football #lamineyamal on behalf of Lamine, to all defenders in the world: weâ€™re so... F50 Made Me Do It. ğŸ¤\n\nFind out more at http://www.adidas.com\n\nFollow us:\nInstagram - http://www.instagram.com/adidas\nTwitter - https://www.twitter.com/adidas \nTikTok - https://www.tiktok.com/@adidas', 'labels': ['Athlete Feature', 'Product Spotlight', 'Lifestyle and Culture', 'Training and Fitness Tips'], 'scores': [0.40395471453666687, 0.38910529017448425, 0.1547444760799408, 0.0521954745054245]}"
I1huxI8n708,pov: you are seating on the left front tyre of a formula 1 #pov #adidas #motorsport ğŸ“¸ğŸ’¨,"Find out more at http://www.adidas.com

Follow us:
Instagram - http://www.instagram.com/adidas
Twitter - https://www.twitter.com/adidas 
TikTok - https://www.tiktok.com/@adidas",2025-08-04T14:04:39Z,9837,158,1,https://www.youtube.com/watch?v=I1huxI8n708,,0.01606180746162448,0.00010165700925078785,0.016163464470875268,"{'sequence': 'pov: you are seating on the left front tyre of a formula 1 #pov #adidas #motorsport ğŸ“¸ğŸ’¨ Find out more at http://www.adidas.com\n\nFollow us:\nInstagram - http://www.instagram.com/adidas\nTwitter - https://www.twitter.com/adidas \nTikTok - https://www.tiktok.com/@adidas', 'labels': ['Product Spotlight', 'Athlete Feature', 'Lifestyle and Culture', 'Training and Fitness Tips'], 'scores': [0.6161549091339111, 0.18673758208751678, 0.12186901271343231, 0.07523852586746216]}"
CTTc-SGuoj4,Aitana es la definiciÃ³n de que todo esfuerzo tiene recompensa ğŸ¥¹ #metamorfosisseason #aitana #madrid,,2025-08-04T08:00:12Z,19899,360,8,https://www.youtube.com/watch?v=CTTc-SGuoj4,,0.018091361374943465,0.00040203025277652145,0.018493391627719985,"{'sequence': 'Aitana es la definiciÃ³n de que todo esfuerzo tiene recompensa ğŸ¥¹ #metamorfosisseason #aitana #madrid ', 'labels': ['Athlete Feature', 'Training and Fitness Tips', 'Product Spotlight', 'Lifestyle and Culture'], 'scores': [0.5562971830368042, 0.18575283885002136, 0.12998703122138977, 0.1279628872871399]}"
vX2FBFX55b4,Lamine Yamal | F50 MADE ME DO IT ACT 2 ğŸš·ğŸ¬ #adidas #football #lamineyamal,"keep off the grass.
ignored: by F50. ğŸš·ğŸ‘Ÿ

Find out more at http://www.adidas.com

Follow us:
Instagram - http://www.instagram.com/adidas
Twitter - https://www.twitter.com/adidas 
TikTok - https://www.tiktok.com/@adidas",2025-08-03T08:01:04Z,491588,13222,132,https://www.youtube.com/watch?v=vX2FBFX55b4,,0.026896506830923456,0.00026851753907743885,0.027165024370000894,"{'sequence': 'Lamine Yamal | F50 MADE ME DO IT ACT 2 ğŸš·ğŸ¬ #adidas #football #lamineyamal keep off the grass.\nignored: by F50. ğŸš·ğŸ‘Ÿ\n\nFind out more at http://www.adidas.com\n\nFollow us:\nInstagram - http://www.instagram.com/adidas\nTwitter - https://www.twitter.com/adidas \nTikTok - https://www.tiktok.com/@adidas', 'labels': ['Athlete Feature', 'Product Spotlight', 'Lifestyle and Culture', 'Training and Fitness Tips'], 'scores': [0.37225979566574097, 0.2788933515548706, 0.24684245884418488, 0.10200437903404236]}"
90_p4iSwWhA,Aitana on stage ğŸ˜®â€ğŸ’¨#metamorfosisseason #superstar #aitana,,2025-08-02T16:00:11Z,19069,430,7,https://www.youtube.com/watch?v=90_p4iSwWhA,,0.022549687975247784,0.00036708794378310347,0.022916775919030886,"{'sequence': 'Aitana on stage ğŸ˜®\u200dğŸ’¨#metamorfosisseason #superstar #aitana ', 'labels': ['Athlete Feature', 'Lifestyle and Culture', 'Training and Fitness Tips', 'Product Spotlight'], 'scores': [0.512621283531189, 0.2618688642978668, 0.12422081083059311, 0.10128907114267349]}"
ui4cwDGCeAY,Kimi Antonelli ğŸ¤ the perfect graduation jacket ğŸ˜ğŸ”¥ #adidas #motorsport #kimiantonelli,"Find out more at http://www.adidas.com

Follow us:
Instagram - http://www.instagram.com/adidas
Twitter - https://www.twitter.com/adidas 
TikTok - https://www.tiktok.com/@adidas",2025-08-02T08:01:03Z,21514,733,11,https://www.youtube.com/watch?v=ui4cwDGCeAY,,0.034070837594124756,0.0005112949707167426,0.0345821325648415,"{'sequence': 'Kimi Antonelli ğŸ¤ the perfect graduation jacket ğŸ˜ğŸ”¥ #adidas #motorsport #kimiantonelli Find out more at http://www.adidas.com\n\nFollow us:\nInstagram - http://www.instagram.com/adidas\nTwitter - https://www.twitter.com/adidas \nTikTok - https://www.tiktok.com/@adidas', 'labels': ['Product Spotlight', 'Athlete Feature', 'Lifestyle and Culture', 'Training and Fitness Tips'], 'scores': [0.5619848370552063, 0.23113074898719788, 0.1625773012638092, 0.044307105243206024]}"
8pV6Dn9ObAE,"Liverpool x adidas â¤ï¸ğŸ¤ two icons, together again. #adidas #football #liverpool","YOUR DREAM. OUR REALITY.

Find out more at http://www.adidas.com

Follow us:
Instagram - http://www.instagram.com/adidas
Twitter - https://www.twitter.com/adidas 
TikTok - https://www.tiktok.com/@adidas",2025-08-01T12:10:55Z,27871,2828,34,https://www.youtube.com/watch?v=8pV6Dn9ObAE,,0.10146747515338524,0.0012199059954791718,0.10268738114886442,"{'sequence': 'Liverpool x adidas â¤ï¸ğŸ¤ two icons, together again. #adidas #football #liverpool YOUR DREAM. OUR REALITY.\n\nFind out more at http://www.adidas.com\n\nFollow us:\nInstagram - http://www.instagram.com/adidas\nTwitter - https://www.twitter.com/adidas \nTikTok - https://www.tiktok.com/@adidas', 'labels': ['Lifestyle and Culture', 'Product Spotlight', 'Athlete Feature', 'Training and Fitness Tips'], 'scores': [0.34428346157073975, 0.33874791860580444, 0.26337894797325134, 0.05358968675136566]}"
3cvKwS-WaPg,adidas x Liverpool â¤ï¸ new kit leaked footage ğŸ‘€ğŸ¤«ğŸ”¥ #adidas #liverpool #football,"Find out more at http://www.adidas.com

Follow us:
Instagram - http://www.instagram.com/adidas
Twitter - https://www.twitter.com/adidas 
TikTok - https://www.tiktok.com/@adidas",2025-08-01T08:30:42Z,87896,2006,54,https://www.youtube.com/watch?v=3cvKwS-WaPg,,0.022822426504050242,0.0006143624283243834,0.023436788932374625,"{'sequence': 'adidas x Liverpool â¤ï¸ new kit leaked footage ğŸ‘€ğŸ¤«ğŸ”¥ #adidas #liverpool #football Find out more at http://www.adidas.com\n\nFollow us:\nInstagram - http://www.instagram.com/adidas\nTwitter - https://www.twitter.com/adidas \nTikTok - https://www.tiktok.com/@adidas', 'labels': ['Product Spotlight', 'Athlete Feature', 'Lifestyle and Culture', 'Training and Fitness Tips'], 'scores': [0.4430629312992096, 0.26595979928970337, 0.2309487909078598, 0.06002845615148544]}"
PmNvck-VbPo,Women's Euro summer was a vibe ğŸ˜®â€ğŸ’¨â¤ï¸ #adidas #football #weuro2025,"Running it back one more time ğŸ¥¹âª

Find out more at http://www.adidas.com

Follow us:
Instagram - http://www.instagram.com/adidas
Twitter - https://www.twitter.com/adidas 
TikTok - https://www.tiktok.com/@adidas",2025-07-31T08:22:47Z,15862,521,9,https://www.youtube.com/watch?v=PmNvck-VbPo,,0.03284579498171731,0.0005673937712772665,0.03341318875299458,"{'sequence': ""Women's Euro summer was a vibe ğŸ˜®\u200dğŸ’¨â¤ï¸ #adidas #football #weuro2025 Running it back one more time ğŸ¥¹âª\n\nFind out more at http://www.adidas.com\n\nFollow us:\nInstagram - http://www.instagram.com/adidas\nTwitter - https://www.twitter.com/adidas \nTikTok - https://www.tiktok.com/@adidas"", 'labels': ['Product Spotlight', 'Lifestyle and Culture', 'Athlete Feature', 'Training and Fitness Tips'], 'scores': [0.38303691148757935, 0.3008868098258972, 0.2456333190202713, 0.07044296711683273]}"
OxZW6F2reBE,Aitana BonmatÃ­ âœ¨ğŸ«¶ #adidas #football #aitanabonmati,"Find out more at http://www.adidas.com

Follow us:
Instagram - http://www.instagram.com/adidas
Twitter - https://www.twitter.com/adidas 
TikTok - https://www.tiktok.com/@adidas",2025-07-30T10:04:44Z,15797,660,14,https://www.youtube.com/watch?v=OxZW6F2reBE,,0.04178008482623283,0.000886244223586757,0.04266632904981959,"{'sequence': 'Aitana BonmatÃ­ âœ¨ğŸ«¶ #adidas #football #aitanabonmati Find out more at http://www.adidas.com\n\nFollow us:\nInstagram - http://www.instagram.com/adidas\nTwitter - https://www.twitter.com/adidas \nTikTok - https://www.tiktok.com/@adidas', 'labels': ['Athlete Feature', 'Product Spotlight', 'Lifestyle and Culture', 'Training and Fitness Tips'], 'scores': [0.35055553913116455, 0.3178759515285492, 0.2592952847480774, 0.07227326929569244]}"
-be3nPngMn4,pov: admin's camera at WEURO Final ğŸ‘€âš½ï¸ğŸ‡¨ğŸ‡­ #adidas #football #weuro2025,"Find out more at http://www.adidas.com

Follow us:
Instagram - http://www.instagram.com/adidas
Twitter - https://www.twitter.com/adidas 
TikTok - https://www.tiktok.com/@adidas",2025-07-29T15:09:09Z,22570,845,9,https://www.youtube.com/watch?v=-be3nPngMn4,,0.03743907842268498,0.0003987594151528578,0.03783783783783784,"{'sequence': ""pov: admin's camera at WEURO Final ğŸ‘€âš½ï¸ğŸ‡¨ğŸ‡­ #adidas #football #weuro2025 Find out more at http://www.adidas.com\n\nFollow us:\nInstagram - http://www.instagram.com/adidas\nTwitter - https://www.twitter.com/adidas \nTikTok - https://www.tiktok.com/@adidas"", 'labels': ['Lifestyle and Culture', 'Athlete Feature', 'Product Spotlight', 'Training and Fitness Tips'], 'scores': [0.35533151030540466, 0.29348111152648926, 0.2688349783420563, 0.08235244452953339]}"
DMvzhFgEM9s,Paddle putt! ğŸ˜‚ğŸ“ #adidas #golf #challenge,"2-foot putt. Paddle in hand. Whatâ€™s your move?

Find out more at http://www.adidas.com

Follow us:
Instagram - http://www.instagram.com/adidas
Twitter - https://www.twitter.com/adidas 
TikTok - https://www.tiktok.com/@adidas",2025-07-27T14:00:19Z,11665,123,3,https://www.youtube.com/watch?v=DMvzhFgEM9s,,0.010544363480497214,0.0002571795970852979,0.010801543077582512,"{'sequence': 'Paddle putt! ğŸ˜‚ğŸ“ #adidas #golf #challenge 2-foot putt. Paddle in hand. Whatâ€™s your move?\n\nFind out more at http://www.adidas.com\n\nFollow us:\nInstagram - http://www.instagram.com/adidas\nTwitter - https://www.twitter.com/adidas \nTikTok - https://www.tiktok.com/@adidas', 'labels': ['Product Spotlight', 'Athlete Feature', 'Lifestyle and Culture', 'Training and Fitness Tips'], 'scores': [0.35345226526260376, 0.35050955414772034, 0.23280149698257446, 0.06323675066232681]}"
hqhdZDvZUho,How Womenâ€™s Products Are Made Differently?,"A new era of sports innovation is here; and itâ€™s built for her. 

Across football, rugby, and trail running, adidas is working side by side with female athletes, researchers, and designers to reimagine what performance gear can be...not adapted but purposefully engineered. From the lab to the pitch, this represents more than a product breakthrough itâ€™s a statement of intent. 

Made for her needs, shaped for her game and built for her performance.

This is the story of innovation shaped by real needs, real feedback, and real progress; told by the athletes, designers, and leaders driving the future of sport. 

Rooted in 75 years of legacy, we continue to shape the industry. 

Find out more:
Sparkfusion: https://news.adidas.com/football/adidas-launches-f50-sparkfusion---a-boot-built-by-and-for-women-s-football-players/s/7a72e410-249a-4f43-afd5-cbf3222f5f60
Avaglide: https://news.adidas.com/rugby/adidas-launches-rs15-avaglide---a-rugby-boot-built-by-and-for-women-s-rugby-players/s/1f31a6b8-b908-43bd-9ef1-ddb182dd3927

Follow us:
Instagram - http://www.instagram.com/adidas
Twitter - https://www.twitter.com/adidas 
TikTok - https://www.tiktok.com/@adidas",2025-07-26T16:00:06Z,4377,0,14,https://www.youtube.com/watch?v=hqhdZDvZUho,,0.0,0.003198537811286269,0.003198537811286269,"{'sequence': 'How Womenâ€™s Products Are Made Differently? A new era of sports innovation is here; and itâ€™s built for her. \n\nAcross football, rugby, and trail running, adidas is working side by side with female athletes, researchers, and designers to reimagine what performance gear can be...not adapted but purposefully engineered. From the lab to the pitch, this represents more than a product breakthrough itâ€™s a statement of intent. \n\nMade for her needs, shaped for her game and built for her performance.\n\nThis is the story of innovation shaped by real needs, real feedback, and real progress; told by the athletes, designers, and leaders driving the future of sport. \n\nRooted in 75 years of legacy, we continue to shape the industry. \n\nFind out more:\nSparkfusion: https://news.adidas.com/football/adidas-launches-f50-sparkfusion---a-boot-built-by-and-for-women-s-football-players/s/7a72e410-249a-4f43-afd5-cbf3222f5f60\nAvaglide: https://news.adidas.com/rugby/adidas-launches-rs15-avaglide---a-rugby-boot-built-by-and-for-women-s-rugby-players/s/1f31a6b8-b908-43bd-9ef1-ddb182dd3927\n\nFollow us:\nInstagram - http://www.instagram.com/adidas\nTwitter - https://www.twitter.com/adidas \nTikTok - https://www.tiktok.com/@adidas', 'labels': ['Athlete Feature', 'Product Spotlight', 'Lifestyle and Culture', 'Training and Fitness Tips'], 'scores': [0.46013957262039185, 0.3247678577899933, 0.13149642944335938, 0.08359617739915848]}"
i85gAUzePZg,A special birthday cake for Vicky LÃ³pez ğŸ‚âš½ï¸ğŸ‡ªğŸ‡¸ #adidas #football #weuro2025,,2025-07-26T09:18:28Z,19226,450,10,https://www.youtube.com/watch?v=i85gAUzePZg,,0.02340580463955061,0.0005201289919900135,0.023925933631540622,"{'sequence': 'A special birthday cake for Vicky LÃ³pez ğŸ‚âš½ï¸ğŸ‡ªğŸ‡¸ #adidas #football #weuro2025 ', 'labels': ['Athlete Feature', 'Product Spotlight', 'Lifestyle and Culture', 'Training and Fitness Tips'], 'scores': [0.5096163153648376, 0.33401697874069214, 0.11542744934558868, 0.04093928635120392]}"
wFepJfM3B6M,Golf clubs âŒ Baseball bat âœ… #adidas #golf #challenge,"Bats = Nightmare fuel. And not the kind you thinkâ€¦

Find out more at http://www.adidas.com

Follow us:
Instagram - http://www.instagram.com/adidas
Twitter - https://www.twitter.com/adidas 
TikTok - https://www.tiktok.com/@adidas",2025-07-25T14:01:37Z,11870,147,4,https://www.youtube.com/watch?v=wFepJfM3B6M,,0.012384161752316766,0.00033698399326032014,0.012721145745577086,"{'sequence': 'Golf clubs âŒ Baseball bat âœ… #adidas #golf #challenge Bats = Nightmare fuel. And not the kind you thinkâ€¦\n\nFind out more at http://www.adidas.com\n\nFollow us:\nInstagram - http://www.instagram.com/adidas\nTwitter - https://www.twitter.com/adidas \nTikTok - https://www.tiktok.com/@adidas', 'labels': ['Product Spotlight', 'Athlete Feature', 'Lifestyle and Culture', 'Training and Fitness Tips'], 'scores': [0.40342220664024353, 0.27273574471473694, 0.2582011818885803, 0.06564082950353622]}"
DwcuCL-WOYI,sparfusion's next stop: Basel ğŸ‡¨ğŸ‡­âš½ï¸ #adidas #football #womenseuro2025,"Find out more at http://www.adidas.com

Follow us:
Instagram - http://www.instagram.com/adidas
Twitter - https://www.twitter.com/adidas 
TikTok - https://www.tiktok.com/@adidas",2025-07-25T07:45:41Z,16467,282,7,https://www.youtube.com/watch?v=DwcuCL-WOYI,,0.017125159409728547,0.0004250926094613469,0.017550252019189895,"{'sequence': ""sparfusion's next stop: Basel ğŸ‡¨ğŸ‡­âš½ï¸ #adidas #football #womenseuro2025 Find out more at http://www.adidas.com\n\nFollow us:\nInstagram - http://www.instagram.com/adidas\nTwitter - https://www.twitter.com/adidas \nTikTok - https://www.tiktok.com/@adidas"", 'labels': ['Product Spotlight', 'Lifestyle and Culture', 'Athlete Feature', 'Training and Fitness Tips'], 'scores': [0.4196006655693054, 0.2564636766910553, 0.2557376027107239, 0.0681980773806572]}"
2RT35fY9bls,Rules? What rules?! ğŸ˜‚ #golf #adidas #challenge,"Can we get a Rules Official out here?!

Find out more at http://www.adidas.com

Follow us:
Instagram - http://www.instagram.com/adidas
Twitter - https://www.twitter.com/adidas 
TikTok - https://www.tiktok.com/@adidas",2025-07-23T14:00:05Z,12146,217,4,https://www.youtube.com/watch?v=2RT35fY9bls,,0.01786596410340853,0.00032932652725177014,0.0181952906306603,"{'sequence': 'Rules? What rules?! ğŸ˜‚ #golf #adidas #challenge Can we get a Rules Official out here?!\n\nFind out more at http://www.adidas.com\n\nFollow us:\nInstagram - http://www.instagram.com/adidas\nTwitter - https://www.twitter.com/adidas \nTikTok - https://www.tiktok.com/@adidas', 'labels': ['Athlete Feature', 'Product Spotlight', 'Lifestyle and Culture', 'Training and Fitness Tips'], 'scores': [0.36872172355651855, 0.33033445477485657, 0.2397434413433075, 0.061200469732284546]}"
z1WocIwA4Ko,Jule Brand football ASMR âœ¨ğŸ˜Œ #adidas #football #asmr,"Find out more at http://www.adidas.com

Follow us:
Instagram - http://www.instagram.com/adidas
Twitter - https://www.twitter.com/adidas 
TikTok - https://www.tiktok.com/@adidas",2025-07-23T07:01:05Z,58072,998,19,https://www.youtube.com/watch?v=z1WocIwA4Ko,,0.01718556274969004,0.0003271800523488084,0.01751274280203885,"{'sequence': 'Jule Brand football ASMR âœ¨ğŸ˜Œ #adidas #football #asmr Find out more at http://www.adidas.com\n\nFollow us:\nInstagram - http://www.instagram.com/adidas\nTwitter - https://www.twitter.com/adidas \nTikTok - https://www.tiktok.com/@adidas', 'labels': ['Product Spotlight', 'Athlete Feature', 'Lifestyle and Culture', 'Training and Fitness Tips'], 'scores': [0.6265942454338074, 0.17764239013195038, 0.15718533098697662, 0.038577962666749954]}"
IakM-p6TyG8,Fit check: Willy Chavarria style ğŸ”¥â¤ï¸ #adidas #originals #willychavarria,"Find out more at http://www.adidas.com

Follow us:
Instagram - http://www.instagram.com/adidas
Twitter - https://www.twitter.com/adidas 
TikTok - https://www.tiktok.com/@adidas",2025-07-22T13:00:40Z,9628,150,2,https://www.youtube.com/watch?v=IakM-p6TyG8,,0.01557955961778147,0.0002077274615704196,0.01578728707935189,"{'sequence': 'Fit check: Willy Chavarria style ğŸ”¥â¤ï¸ #adidas #originals #willychavarria Find out more at http://www.adidas.com\n\nFollow us:\nInstagram - http://www.instagram.com/adidas\nTwitter - https://www.twitter.com/adidas \nTikTok - https://www.tiktok.com/@adidas', 'labels': ['Product Spotlight', 'Lifestyle and Culture', 'Athlete Feature', 'Training and Fitness Tips'], 'scores': [0.3988143801689148, 0.3071770668029785, 0.2172766774892807, 0.07673195004463196]}"
LlFRaTUfzz8,Golf pros ğŸ¤ random sport equipment  #adidas #golf #challenge,"Your golf clubs could NEVER. ğŸ¤£ These pros are hitting bombs with... other things

Find out more at http://www.adidas.com

Follow us:
Instagram - http://www.instagram.com/adidas
Twitter - https://www.twitter.com/adidas 
TikTok - https://www.tiktok.com/@adidas",2025-07-21T14:00:36Z,12670,182,4,https://www.youtube.com/watch?v=LlFRaTUfzz8,,0.014364640883977901,0.00031570639305445933,0.01468034727703236,"{'sequence': 'Golf pros ğŸ¤ random sport equipment  #adidas #golf #challenge Your golf clubs could NEVER. ğŸ¤£ These pros are hitting bombs with... other things\n\nFind out more at http://www.adidas.com\n\nFollow us:\nInstagram - http://www.instagram.com/adidas\nTwitter - https://www.twitter.com/adidas \nTikTok - https://www.tiktok.com/@adidas', 'labels': ['Product Spotlight', 'Athlete Feature', 'Lifestyle and Culture', 'Training and Fitness Tips'], 'scores': [0.40555962920188904, 0.3720793128013611, 0.17511112987995148, 0.047250013798475266]}"
GmoundLADNc,Iva JovicÂ´s favourite thing in the world âœ¨ğŸ¥‡ #adidas #tennis #challenge,"Find out more at http://www.adidas.com

Follow us:
Instagram - http://www.instagram.com/adidas
Twitter - https://www.twitter.com/adidas 
TikTok - https://www.tiktok.com/@adidas",2025-07-20T08:00:30Z,9090,151,4,https://www.youtube.com/watch?v=GmoundLADNc,,0.016611661166116613,0.00044004400440044003,0.017051705170517052,"{'sequence': 'Iva JovicÂ´s favourite thing in the world âœ¨ğŸ¥‡ #adidas #tennis #challenge Find out more at http://www.adidas.com\n\nFollow us:\nInstagram - http://www.instagram.com/adidas\nTwitter - https://www.twitter.com/adidas \nTikTok - https://www.tiktok.com/@adidas', 'labels': ['Athlete Feature', 'Lifestyle and Culture', 'Product Spotlight', 'Training and Fitness Tips'], 'scores': [0.36577004194259644, 0.3281448185443878, 0.24156595766544342, 0.06451919674873352]}"
hFvii8scpqc,adidas designers ğŸ¤ cooking the best jerseys ğŸ§‘â€ğŸ³â²ï¸ #adidas #jersey #pov,,2025-07-19T08:00:53Z,14351,322,5,https://www.youtube.com/watch?v=hFvii8scpqc,,0.022437460804125148,0.0003484077764615706,0.02278586858058672,"{'sequence': 'adidas designers ğŸ¤ cooking the best jerseys ğŸ§‘\u200dğŸ³â²ï¸ #adidas #jersey #pov ', 'labels': ['Product Spotlight', 'Athlete Feature', 'Lifestyle and Culture', 'Training and Fitness Tips'], 'scores': [0.6788984537124634, 0.15395231544971466, 0.13923172652721405, 0.027917509898543358]}"
jEstgJIcEUs,Made in Germany Told by Deadhype,"Through the lens of Germany-based collective deadHYPE and artist Gabriel, we explore what it means to carry German identity today, while celebrating the legacy of the adidas Superstar and Handball Spezial.

Find out more at: https://confirmed.onelink.me/mzYA/w1wqyfwc

Follow us:
Instagram - http://www.instagram.com/adidas
Twitter - https://www.twitter.com/adidas 
TikTok - https://www.tiktok.com/@adidas",2025-07-18T17:01:04Z,6618,127,4,https://www.youtube.com/watch?v=jEstgJIcEUs,,0.019190087639770325,0.0006044122091266244,0.01979449984889695,"{'sequence': 'Made in Germany Told by Deadhype Through the lens of Germany-based collective deadHYPE and artist Gabriel, we explore what it means to carry German identity today, while celebrating the legacy of the adidas Superstar and Handball Spezial.\n\nFind out more at: https://confirmed.onelink.me/mzYA/w1wqyfwc\n\nFollow us:\nInstagram - http://www.instagram.com/adidas\nTwitter - https://www.twitter.com/adidas \nTikTok - https://www.tiktok.com/@adidas', 'labels': ['Lifestyle and Culture', 'Athlete Feature', 'Product Spotlight', 'Training and Fitness Tips'], 'scores': [0.42872029542922974, 0.26333412528038025, 0.24493490159511566, 0.06301077455282211]}"
U-jw33o0Jjo,5 ways to pick up a tennis ball ğŸ¾ğŸ™Œ #adidas #tennis #tennischallenge,"Find out more at http://www.adidas.com

Follow us:
Instagram - http://www.instagram.com/adidas
Twitter - https://www.twitter.com/adidas 
TikTok - https://www.tiktok.com/@adidas",2025-07-18T13:01:04Z,12667,158,5,https://www.youtube.com/watch?v=U-jw33o0Jjo,,0.012473355964316729,0.0003947264545669851,0.012868082418883714,"{'sequence': '5 ways to pick up a tennis ball ğŸ¾ğŸ™Œ #adidas #tennis #tennischallenge Find out more at http://www.adidas.com\n\nFollow us:\nInstagram - http://www.instagram.com/adidas\nTwitter - https://www.twitter.com/adidas \nTikTok - https://www.tiktok.com/@adidas', 'labels': ['Lifestyle and Culture', 'Product Spotlight', 'Athlete Feature', 'Training and Fitness Tips'], 'scores': [0.2967894375324249, 0.2906281352043152, 0.274571031332016, 0.1380113661289215]}"
FS00VQnLyFs,Nicest in the game. ğŸ˜®â€ğŸ’¨ #donovanmitchell #adidas #basketball,,2025-07-17T16:10:56Z,7227,240,13,https://www.youtube.com/watch?v=FS00VQnLyFs,,0.033208800332088007,0.0017988100179881002,0.0350076103500761,"{'sequence': 'Nicest in the game. ğŸ˜®\u200dğŸ’¨ #donovanmitchell #adidas #basketball ', 'labels': ['Athlete Feature', 'Product Spotlight', 'Training and Fitness Tips', 'Lifestyle and Culture'], 'scores': [0.7236183881759644, 0.2020035833120346, 0.041028689593076706, 0.03334923833608627]}"
DbOKw9MNHvE,nutmeg challenge with Amanda Ilestedt and Rebecka Blomqvist ğŸ‘€âš½ï¸ğŸ‡¸ğŸ‡ª #adidas #football #challenge,"Find out more at http://www.adidas.com

Follow us:
Instagram - http://www.instagram.com/adidas
Twitter - https://www.twitter.com/adidas 
TikTok - https://www.tiktok.com/@adidas",2025-07-17T13:54:52Z,13087,249,4,https://www.youtube.com/watch?v=DbOKw9MNHvE,,0.01902651486207687,0.00030564682509360435,0.019332161687170474,"{'sequence': 'nutmeg challenge with Amanda Ilestedt and Rebecka Blomqvist ğŸ‘€âš½ï¸ğŸ‡¸ğŸ‡ª #adidas #football #challenge Find out more at http://www.adidas.com\n\nFollow us:\nInstagram - http://www.instagram.com/adidas\nTwitter - https://www.twitter.com/adidas \nTikTok - https://www.tiktok.com/@adidas', 'labels': ['Athlete Feature', 'Lifestyle and Culture', 'Product Spotlight', 'Training and Fitness Tips'], 'scores': [0.3820740580558777, 0.267826646566391, 0.24641279876232147, 0.10368653386831284]}"
T6PBlW_AR7s,Lena Oberdorf & Rena Schwabl: Popcorn & Panenka Podcast,"In this special live episode, recorded at the Three Stripes Social Club by adidas, Lena Oberdorf and Rena Schwabel dive into what it really means to be a professional footballer. 

From handling pressure on and off the pitch, dealing with the media, and recovering from injuries, to hilarious dog stories and unexpected tangents on ambition, philosophy, and even circulation problems â€“ itâ€™s all real talk.

Find out more at http://www.adidas.com

Follow us:
Instagram - http://www.instagram.com/adidas
Twitter - https://www.twitter.com/adidas 
TikTok - https://www.tiktok.com/@adidas",2025-07-16T15:00:51Z,9720,289,13,https://www.youtube.com/watch?v=T6PBlW_AR7s,,0.029732510288065842,0.001337448559670782,0.031069958847736626,"{'sequence': 'Lena Oberdorf & Rena Schwabl: Popcorn & Panenka Podcast In this special live episode, recorded at the Three Stripes Social Club by adidas, Lena Oberdorf and Rena Schwabel dive into what it really means to be a professional footballer. \n\nFrom handling pressure on and off the pitch, dealing with the media, and recovering from injuries, to hilarious dog stories and unexpected tangents on ambition, philosophy, and even circulation problems â€“ itâ€™s all real talk.\n\nFind out more at http://www.adidas.com\n\nFollow us:\nInstagram - http://www.instagram.com/adidas\nTwitter - https://www.twitter.com/adidas \nTikTok - https://www.tiktok.com/@adidas', 'labels': ['Athlete Feature', 'Lifestyle and Culture', 'Product Spotlight', 'Training and Fitness Tips'], 'scores': [0.4241711497306824, 0.28255102038383484, 0.22833605110645294, 0.06494174152612686]}"
pLyuSDDUOls,the best football trio celebration? âš½ï¸ğŸ¤ #adidas #football #italy,"Find out more at http://www.adidas.com

Follow us:
Instagram - http://www.instagram.com/adidas
Twitter - https://www.twitter.com/adidas 
TikTok - https://www.tiktok.com/@adidas",2025-07-16T13:01:38Z,17057,219,6,https://www.youtube.com/watch?v=pLyuSDDUOls,,0.012839303511754704,0.0003517617400480741,0.013191065251802778,"{'sequence': 'the best football trio celebration? âš½ï¸ğŸ¤ #adidas #football #italy Find out more at http://www.adidas.com\n\nFollow us:\nInstagram - http://www.instagram.com/adidas\nTwitter - https://www.twitter.com/adidas \nTikTok - https://www.tiktok.com/@adidas', 'labels': ['Product Spotlight', 'Lifestyle and Culture', 'Athlete Feature', 'Training and Fitness Tips'], 'scores': [0.3696417212486267, 0.3431042432785034, 0.2353447526693344, 0.051909271627664566]}"
SxlwDVZf014,George and Kimi reading comments about the cooling jacket â„ï¸ğŸ˜‚ #adidas #motorsport #mercedes,"Find out more at http://www.adidas.com

Follow us:
Instagram - http://www.instagram.com/adidas
Twitter - https://www.twitter.com/adidas 
TikTok - https://www.tiktok.com/@adidas",2025-07-15T17:00:40Z,6760,171,4,https://www.youtube.com/watch?v=SxlwDVZf014,,0.02529585798816568,0.000591715976331361,0.025887573964497042,"{'sequence': 'George and Kimi reading comments about the cooling jacket â„ï¸ğŸ˜‚ #adidas #motorsport #mercedes Find out more at http://www.adidas.com\n\nFollow us:\nInstagram - http://www.instagram.com/adidas\nTwitter - https://www.twitter.com/adidas \nTikTok - https://www.tiktok.com/@adidas', 'labels': ['Product Spotlight', 'Lifestyle and Culture', 'Athlete Feature', 'Training and Fitness Tips'], 'scores': [0.3550337851047516, 0.3404213488101959, 0.24476325511932373, 0.05978161096572876]}"
Dq-zPTsNeZg,"Anything But Clubs with Collin Morikawa, Rose Zhang and Nick Dunlap","Get ready for golf like you've never seen it before! We challenged PGA pros Collin Morikawa, Nick Dunlap, and LPGA pro Rose Zhang to the ultimate ""Anything But Clubs"" golf challenge. 

Forget your drivers and putters â€“ on this par 3, these pros are forced to use everything from a baseball bat to a ping pong paddle to get to the hole! Watch as they strategize, struggle, and somehow sink shots with the most unexpected equipment. 

Who will master the madness and take home the win? You won't believe what happens when golf's best are stripped of their usual tools. 

Follow us @adidasgolf 

Find out more at http://www.adidas.com/golf

Follow us:
Instagram - http://www.instagram.com/adidas
Twitter - https://www.twitter.com/adidas 
TikTok - https://www.tiktok.com/@adidas",2025-07-15T17:00:06Z,1459,80,6,https://www.youtube.com/watch?v=Dq-zPTsNeZg,,0.05483207676490747,0.00411240575736806,0.05894448252227553,"{'sequence': 'Anything But Clubs with Collin Morikawa, Rose Zhang and Nick Dunlap Get ready for golf like you\'ve never seen it before! We challenged PGA pros Collin Morikawa, Nick Dunlap, and LPGA pro Rose Zhang to the ultimate ""Anything But Clubs"" golf challenge. \n\nForget your drivers and putters â€“ on this par 3, these pros are forced to use everything from a baseball bat to a ping pong paddle to get to the hole! Watch as they strategize, struggle, and somehow sink shots with the most unexpected equipment. \n\nWho will master the madness and take home the win? You won\'t believe what happens when golf\'s best are stripped of their usual tools. \n\nFollow us @adidasgolf \n\nFind out more at http://www.adidas.com/golf\n\nFollow us:\nInstagram - http://www.instagram.com/adidas\nTwitter - https://www.twitter.com/adidas \nTikTok - https://www.tiktok.com/@adidas', 'labels': ['Athlete Feature', 'Product Spotlight', 'Lifestyle and Culture', 'Training and Fitness Tips'], 'scores': [0.40656912326812744, 0.3648708164691925, 0.1422804445028305, 0.08627961575984955]}"
17FlfQtYdJs,Hanna Lundkivst Skill Tutorial âœ¨âš½ï¸,"Find out more at http://www.adidas.com

Follow us:
Instagram - http://www.instagram.com/adidas
Twitter - https://www.twitter.com/adidas 
TikTok - https://www.tiktok.com/@adidas",2025-07-15T13:00:03Z,11282,214,4,https://www.youtube.com/watch?v=17FlfQtYdJs,,0.01896826803758199,0.0003545470661230278,0.019322815103705017,"{'sequence': 'Hanna Lundkivst Skill Tutorial âœ¨âš½ï¸ Find out more at http://www.adidas.com\n\nFollow us:\nInstagram - http://www.instagram.com/adidas\nTwitter - https://www.twitter.com/adidas \nTikTok - https://www.tiktok.com/@adidas', 'labels': ['Product Spotlight', 'Lifestyle and Culture', 'Athlete Feature', 'Training and Fitness Tips'], 'scores': [0.3053743243217468, 0.2963084578514099, 0.29036182165145874, 0.10795536637306213]}"
8ib3t5MXKY8,can you hold this for a sec?? ğŸ˜„ğŸ™ #adidas #football #womensfootball,"Find out more at http://www.adidas.com

Follow us:
Instagram - http://www.instagram.com/adidas
Twitter - https://www.twitter.com/adidas 
TikTok - https://www.tiktok.com/@adidas",2025-07-14T13:00:27Z,15951,206,7,https://www.youtube.com/watch?v=8ib3t5MXKY8,,0.012914550811861325,0.0004388439596263557,0.01335339477148768,"{'sequence': 'can you hold this for a sec?? ğŸ˜„ğŸ™ #adidas #football #womensfootball Find out more at http://www.adidas.com\n\nFollow us:\nInstagram - http://www.instagram.com/adidas\nTwitter - https://www.twitter.com/adidas \nTikTok - https://www.tiktok.com/@adidas', 'labels': ['Product Spotlight', 'Athlete Feature', 'Lifestyle and Culture', 'Training and Fitness Tips'], 'scores': [0.4233552813529968, 0.29916635155677795, 0.199045330286026, 0.07843300700187683]}"
dDxxf0WfKYM,10 sec. drawing challenge with Iva Jovic ğŸ¨âœï¸ #adidas #drawing #challenge,"Find out more at http://www.adidas.com

Follow us:
Instagram - http://www.instagram.com/adidas
Twitter - https://www.twitter.com/adidas 
TikTok - https://www.tiktok.com/@adidas",2025-07-14T07:00:39Z,6511,93,2,https://www.youtube.com/watch?v=dDxxf0WfKYM,,0.014283520196590386,0.0003071724773460298,0.014590692673936416,"{'sequence': '10 sec. drawing challenge with Iva Jovic ğŸ¨âœï¸ #adidas #drawing #challenge Find out more at http://www.adidas.com\n\nFollow us:\nInstagram - http://www.instagram.com/adidas\nTwitter - https://www.twitter.com/adidas \nTikTok - https://www.tiktok.com/@adidas', 'labels': ['Lifestyle and Culture', 'Athlete Feature', 'Product Spotlight', 'Training and Fitness Tips'], 'scores': [0.47609344124794006, 0.2329886257648468, 0.21958613395690918, 0.07133179903030396]}"
6PC94Z689xA,ğŸ‡¬ğŸ‡§ questions with George Russell ğŸ‘€â“ #adidas #motorsport #mercedes,"Find out more at http://www.adidas.com

Follow us:
Instagram - http://www.instagram.com/adidas
Twitter - https://www.twitter.com/adidas 
TikTok - https://www.tiktok.com/@adidas",2025-07-13T17:00:11Z,5975,150,3,https://www.youtube.com/watch?v=6PC94Z689xA,,0.02510460251046025,0.0005020920502092051,0.025606694560669455,"{'sequence': 'ğŸ‡¬ğŸ‡§ questions with George Russell ğŸ‘€â“ #adidas #motorsport #mercedes Find out more at http://www.adidas.com\n\nFollow us:\nInstagram - http://www.instagram.com/adidas\nTwitter - https://www.twitter.com/adidas \nTikTok - https://www.tiktok.com/@adidas', 'labels': ['Lifestyle and Culture', 'Athlete Feature', 'Product Spotlight', 'Training and Fitness Tips'], 'scores': [0.316508948802948, 0.3122067153453827, 0.28370511531829834, 0.08757921308279037]}"
nSgdEZ3sllM,Switzerland without trending audio ğŸ‡¨ğŸ‡­ğŸ”‡ #adidas #football #switzerland,"Find out more at http://www.adidas.com

Follow us:
Instagram - http://www.instagram.com/adidas
Twitter - https://www.twitter.com/adidas 
TikTok - https://www.tiktok.com/@adidas",2025-07-13T07:00:54Z,6438,179,5,https://www.youtube.com/watch?v=nSgdEZ3sllM,,0.02780366573470022,0.0007766387076731904,0.02858030444237341,"{'sequence': 'Switzerland without trending audio ğŸ‡¨ğŸ‡­ğŸ”‡ #adidas #football #switzerland Find out more at http://www.adidas.com\n\nFollow us:\nInstagram - http://www.instagram.com/adidas\nTwitter - https://www.twitter.com/adidas \nTikTok - https://www.tiktok.com/@adidas', 'labels': ['Product Spotlight', 'Athlete Feature', 'Lifestyle and Culture', 'Training and Fitness Tips'], 'scores': [0.3516249656677246, 0.29934656620025635, 0.27127593755722046, 0.07775253057479858]}"
VaV7C3XKW4o,Just Hanna Lundkvist doing some skills for 20s ğŸ˜®â€ğŸ’¨ğŸŒªï¸ğŸ‡¸ğŸ‡ª #adidas #football #footballskills,"Find out more at http://www.adidas.com

Follow us:
Instagram - http://www.instagram.com/adidas
Twitter - https://www.twitter.com/adidas 
TikTok - https://www.tiktok.com/@adidas",2025-07-12T13:00:57Z,11764,200,9,https://www.youtube.com/watch?v=VaV7C3XKW4o,,0.017001020061203673,0.0007650459027541653,0.017766065963957838,"{'sequence': 'Just Hanna Lundkvist doing some skills for 20s ğŸ˜®\u200dğŸ’¨ğŸŒªï¸ğŸ‡¸ğŸ‡ª #adidas #football #footballskills Find out more at http://www.adidas.com\n\nFollow us:\nInstagram - http://www.instagram.com/adidas\nTwitter - https://www.twitter.com/adidas \nTikTok - https://www.tiktok.com/@adidas', 'labels': ['Athlete Feature', 'Product Spotlight', 'Lifestyle and Culture', 'Training and Fitness Tips'], 'scores': [0.397000253200531, 0.3553601801395416, 0.1674044132232666, 0.08023511618375778]}"
S9RhAFbSn9Y,Tell me you are from Wales without telling me ğŸ’…ğŸ´ó §ó ¢ó ·ó ¬ó ³ó ¿ #adidas #football #Wales,"Find out more at http://www.adidas.com

Follow us:
Instagram - http://www.instagram.com/adidas
Twitter - https://www.twitter.com/adidas 
TikTok - https://www.tiktok.com/@adidas",2025-07-12T07:00:21Z,10372,147,6,https://www.youtube.com/watch?v=S9RhAFbSn9Y,,0.014172772849980718,0.0005784805244890089,0.014751253374469727,"{'sequence': 'Tell me you are from Wales without telling me ğŸ’…ğŸ´\U000e0067\U000e0062\U000e0077\U000e006c\U000e0073\U000e007f #adidas #football #Wales Find out more at http://www.adidas.com\n\nFollow us:\nInstagram - http://www.instagram.com/adidas\nTwitter - https://www.twitter.com/adidas \nTikTok - https://www.tiktok.com/@adidas', 'labels': ['Athlete Feature', 'Product Spotlight', 'Lifestyle and Culture', 'Training and Fitness Tips'], 'scores': [0.32954689860343933, 0.2979844808578491, 0.2945951521396637, 0.07787356525659561]}"
PaHVe36yoqU,Lamine Yamal learning Chinese ğŸ˜‚ğŸ—£ï¸ğŸ‡¨ğŸ‡³ #lamineyamal #football #adidas,"Find out more at http://www.adidas.com

Follow us:
Instagram - http://www.instagram.com/adidas
Twitter - https://www.twitter.com/adidas 
TikTok - https://www.tiktok.com/@adidas",2025-07-11T15:00:52Z,56266,1262,18,https://www.youtube.com/watch?v=PaHVe36yoqU,,0.0224291757011339,0.00031990900366118084,0.02274908470479508,"{'sequence': 'Lamine Yamal learning Chinese ğŸ˜‚ğŸ—£ï¸ğŸ‡¨ğŸ‡³ #lamineyamal #football #adidas Find out more at http://www.adidas.com\n\nFollow us:\nInstagram - http://www.instagram.com/adidas\nTwitter - https://www.twitter.com/adidas \nTikTok - https://www.tiktok.com/@adidas', 'labels': ['Athlete Feature', 'Product Spotlight', 'Lifestyle and Culture', 'Training and Fitness Tips'], 'scores': [0.4258386492729187, 0.2592710554599762, 0.25399067997932434, 0.06089959666132927]}"
XFj4WCLvzag,Women's euro players  ğŸ¤ admin daps ğŸ’¯ğŸ”¥ #adidas #football #womensfootball,"Find out more at http://www.adidas.com

Follow us:
Instagram - http://www.instagram.com/adidas
Twitter - https://www.twitter.com/adidas 
TikTok - https://www.tiktok.com/@adidas",2025-07-11T13:01:04Z,13678,220,2,https://www.youtube.com/watch?v=XFj4WCLvzag,,0.016084222839596433,0.00014622020763269483,0.016230443047229128,"{'sequence': ""Women's euro players  ğŸ¤ admin daps ğŸ’¯ğŸ”¥ #adidas #football #womensfootball Find out more at http://www.adidas.com\n\nFollow us:\nInstagram - http://www.instagram.com/adidas\nTwitter - https://www.twitter.com/adidas \nTikTok - https://www.tiktok.com/@adidas"", 'labels': ['Athlete Feature', 'Product Spotlight', 'Lifestyle and Culture', 'Training and Fitness Tips'], 'scores': [0.4000481963157654, 0.3211630582809448, 0.21600523591041565, 0.06278347223997116]}"
w-Q9W8pIU5Y,A new admin for women's euro?? ğŸ‘€ğŸ‡¸ğŸ‡ª #adidas #football #womensfootball,"Find out more at http://www.adidas.com

Follow us:
Instagram - http://www.instagram.com/adidas
Twitter - https://www.twitter.com/adidas 
TikTok - https://www.tiktok.com/@adidas",2025-07-11T07:00:57Z,8883,160,2,https://www.youtube.com/watch?v=w-Q9W8pIU5Y,,0.018011932905549928,0.00022514916131937407,0.0182370820668693,"{'sequence': ""A new admin for women's euro?? ğŸ‘€ğŸ‡¸ğŸ‡ª #adidas #football #womensfootball Find out more at http://www.adidas.com\n\nFollow us:\nInstagram - http://www.instagram.com/adidas\nTwitter - https://www.twitter.com/adidas \nTikTok - https://www.tiktok.com/@adidas"", 'labels': ['Product Spotlight', 'Athlete Feature', 'Lifestyle and Culture', 'Training and Fitness Tips'], 'scores': [0.3772832751274109, 0.31938740611076355, 0.24114325642585754, 0.062186092138290405]}"
R5qAecF-ay8,Rock ğŸª¨ paper ğŸ“„ scissors âœ‚ï¸ ğŸ†š Kimi Antonelli #adidas #motorsport #kimiantonelli,"Find out more at http://www.adidas.com

Follow us:
Instagram - http://www.instagram.com/adidas
Twitter - https://www.twitter.com/adidas 
TikTok - https://www.tiktok.com/@adidas",2025-07-10T17:00:41Z,8284,189,1,https://www.youtube.com/watch?v=R5qAecF-ay8,,0.02281506518590053,0.00012071463061323032,0.022935779816513763,"{'sequence': 'Rock ğŸª¨ paper ğŸ“„ scissors âœ‚ï¸ ğŸ†š Kimi Antonelli #adidas #motorsport #kimiantonelli Find out more at http://www.adidas.com\n\nFollow us:\nInstagram - http://www.instagram.com/adidas\nTwitter - https://www.twitter.com/adidas \nTikTok - https://www.tiktok.com/@adidas', 'labels': ['Product Spotlight', 'Athlete Feature', 'Lifestyle and Culture', 'Training and Fitness Tips'], 'scores': [0.3811434805393219, 0.3233955204486847, 0.2265787571668625, 0.06888224184513092]}"
C_O6mwYUDqw,Rate the celebrations ğŸ˜®â€ğŸ’¨ğŸ”¥ #adidas #football #womensfootball,"Find out more at http://www.adidas.com

Follow us:
Instagram - http://www.instagram.com/adidas
Twitter - https://www.twitter.com/adidas 
TikTok - https://www.tiktok.com/@adidas",2025-07-10T13:00:24Z,9497,212,7,https://www.youtube.com/watch?v=C_O6mwYUDqw,,0.02232283879119722,0.000737074865747078,0.0230599136569443,"{'sequence': 'Rate the celebrations ğŸ˜®\u200dğŸ’¨ğŸ”¥ #adidas #football #womensfootball Find out more at http://www.adidas.com\n\nFollow us:\nInstagram - http://www.instagram.com/adidas\nTwitter - https://www.twitter.com/adidas \nTikTok - https://www.tiktok.com/@adidas', 'labels': ['Product Spotlight', 'Lifestyle and Culture', 'Athlete Feature', 'Training and Fitness Tips'], 'scores': [0.38365432620048523, 0.2787691652774811, 0.27440664172172546, 0.06316988170146942]}"
PRQvpAMElZc,you better be nice!! ğŸ˜Šâœ¨ #adidas #football #wales,"Find out more at http://www.adidas.com

Follow us:
Instagram - http://www.instagram.com/adidas
Twitter - https://www.twitter.com/adidas 
TikTok - https://www.tiktok.com/@adidas",2025-07-10T07:00:33Z,15685,209,13,https://www.youtube.com/watch?v=PRQvpAMElZc,,0.013324832642652216,0.0008288173414089894,0.014153649984061205,"{'sequence': 'you better be nice!! ğŸ˜Šâœ¨ #adidas #football #wales Find out more at http://www.adidas.com\n\nFollow us:\nInstagram - http://www.instagram.com/adidas\nTwitter - https://www.twitter.com/adidas \nTikTok - https://www.tiktok.com/@adidas', 'labels': ['Product Spotlight', 'Athlete Feature', 'Lifestyle and Culture', 'Training and Fitness Tips'], 'scores': [0.3197781443595886, 0.31204846501350403, 0.30738332867622375, 0.06079007312655449]}"
gIderjPAmqI,when you forgot to tell your friends you are at the women's euro ğŸ¤·â€â™€ï¸ğŸ™ƒ #adidas #football #spain,"Find out more at http://www.adidas.com

Follow us:
Instagram - http://www.instagram.com/adidas
Twitter - https://www.twitter.com/adidas 
TikTok - https://www.tiktok.com/@adidas",2025-07-09T15:01:12Z,10659,224,9,https://www.youtube.com/watch?v=gIderjPAmqI,,0.021015104606435877,0.0008443568815085843,0.02185946148794446,"{'sequence': ""when you forgot to tell your friends you are at the women's euro ğŸ¤·\u200dâ™€ï¸ğŸ™ƒ #adidas #football #spain Find out more at http://www.adidas.com\n\nFollow us:\nInstagram - http://www.instagram.com/adidas\nTwitter - https://www.twitter.com/adidas \nTikTok - https://www.tiktok.com/@adidas"", 'labels': ['Lifestyle and Culture', 'Product Spotlight', 'Athlete Feature', 'Training and Fitness Tips'], 'scores': [0.3423890173435211, 0.31353357434272766, 0.276926189661026, 0.06715123355388641]}"
aWxNIjXVH6I,THAT new FenerbahÃ§e away jersey ğŸ˜®â€ğŸ’¨ğŸ’› #adidas #football #jersey #fenerbahÃ§e,"Find out more at http://www.adidas.com

Follow us:
Instagram - http://www.instagram.com/adidas
Twitter - https://www.twitter.com/adidas 
TikTok - https://www.tiktok.com/@adidas",2025-07-09T13:00:02Z,10861,165,10,https://www.youtube.com/watch?v=aWxNIjXVH6I,,0.01519197127336341,0.0009207255317189945,0.016112696805082406,"{'sequence': 'THAT new FenerbahÃ§e away jersey ğŸ˜®\u200dğŸ’¨ğŸ’› #adidas #football #jersey #fenerbahÃ§e Find out more at http://www.adidas.com\n\nFollow us:\nInstagram - http://www.instagram.com/adidas\nTwitter - https://www.twitter.com/adidas \nTikTok - https://www.tiktok.com/@adidas', 'labels': ['Product Spotlight', 'Athlete Feature', 'Lifestyle and Culture', 'Training and Fitness Tips'], 'scores': [0.7089083194732666, 0.16907931864261627, 0.09243059158325195, 0.02958180196583271]}"
-UFicVIqKCk,Behind the scenes on a media shoot with Olga Carmona ğŸ“¹ğŸ‡ªğŸ‡¸ #adidas #football #womensfootball,"Find out more at http://www.adidas.com

Follow us:
Instagram - http://www.instagram.com/adidas
Twitter - https://www.twitter.com/adidas 
TikTok - https://www.tiktok.com/@adidas",2025-07-09T10:00:00Z,8327,208,3,https://www.youtube.com/watch?v=-UFicVIqKCk,,0.024978984027861174,0.00036027380809415153,0.025339257835955326,"{'sequence': 'Behind the scenes on a media shoot with Olga Carmona ğŸ“¹ğŸ‡ªğŸ‡¸ #adidas #football #womensfootball Find out more at http://www.adidas.com\n\nFollow us:\nInstagram - http://www.instagram.com/adidas\nTwitter - https://www.twitter.com/adidas \nTikTok - https://www.tiktok.com/@adidas', 'labels': ['Athlete Feature', 'Lifestyle and Culture', 'Product Spotlight', 'Training and Fitness Tips'], 'scores': [0.32408902049064636, 0.2988224923610687, 0.27973127365112305, 0.09735721349716187]}"
uMXyxgCK31c,Dame X is here. ğŸ¤ğŸ€ #adidas #damianlillard #dametime #basketball,,2025-07-08T15:17:57Z,10159,453,19,https://www.youtube.com/watch?v=uMXyxgCK31c,,0.04459100305148145,0.0018702628211438135,0.04646126587262526,"{'sequence': 'Dame X is here. ğŸ¤ğŸ€ #adidas #damianlillard #dametime #basketball ', 'labels': ['Athlete Feature', 'Product Spotlight', 'Lifestyle and Culture', 'Training and Fitness Tips'], 'scores': [0.5530539751052856, 0.29922357201576233, 0.10403040051460266, 0.043692078441381454]}"
eZX7eP0Gga8,Only the best at Women's Euro in Switzerland  âœ¨ğŸ“¸ #adidas #football #womensfootball,"Find out more at http://www.adidas.com

Follow us:
Instagram - http://www.instagram.com/adidas
Twitter - https://www.twitter.com/adidas 
TikTok - https://www.tiktok.com/@adidas",2025-07-08T12:01:24Z,7489,132,1,https://www.youtube.com/watch?v=eZX7eP0Gga8,,0.017625851248497797,0.00013352917612498332,0.01775938042462278,"{'sequence': ""Only the best at Women's Euro in Switzerland  âœ¨ğŸ“¸ #adidas #football #womensfootball Find out more at http://www.adidas.com\n\nFollow us:\nInstagram - http://www.instagram.com/adidas\nTwitter - https://www.twitter.com/adidas \nTikTok - https://www.tiktok.com/@adidas"", 'labels': ['Product Spotlight', 'Athlete Feature', 'Lifestyle and Culture', 'Training and Fitness Tips'], 'scores': [0.36301130056381226, 0.3389430046081543, 0.2412533164024353, 0.05679244175553322]}"
veJVizN0muE,what are they taking pictures of??? âœ¨ğŸ’œâš¡ï¸ #adidas #football #womensfootball,"Find out more at http://www.adidas.com

Follow us:
Instagram - http://www.instagram.com/adidas
Twitter - https://www.twitter.com/adidas 
TikTok - https://www.tiktok.com/@adidas",2025-07-08T07:01:04Z,11383,253,3,https://www.youtube.com/watch?v=veJVizN0muE,,0.022226126680137046,0.0002635509092506369,0.022489677589387684,"{'sequence': 'what are they taking pictures of??? âœ¨ğŸ’œâš¡ï¸ #adidas #football #womensfootball Find out more at http://www.adidas.com\n\nFollow us:\nInstagram - http://www.instagram.com/adidas\nTwitter - https://www.twitter.com/adidas \nTikTok - https://www.tiktok.com/@adidas', 'labels': ['Athlete Feature', 'Lifestyle and Culture', 'Product Spotlight', 'Training and Fitness Tips'], 'scores': [0.340162068605423, 0.31867581605911255, 0.24981901049613953, 0.09134312719106674]}"
MUduhcSGuN8,boat race aura farming 96.78% accuracy #adidas #football #Italy #boatrace,"Find out more at http://www.adidas.com

Follow us:
Instagram - http://www.instagram.com/adidas
Twitter - https://www.twitter.com/adidas 
TikTok - https://www.tiktok.com/@adidas",2025-07-07T17:30:07Z,23259,326,14,https://www.youtube.com/watch?v=MUduhcSGuN8,,0.014016079797067801,0.0006019175372973903,0.014617997334365192,"{'sequence': 'boat race aura farming 96.78% accuracy #adidas #football #Italy #boatrace Find out more at http://www.adidas.com\n\nFollow us:\nInstagram - http://www.instagram.com/adidas\nTwitter - https://www.twitter.com/adidas \nTikTok - https://www.tiktok.com/@adidas', 'labels': ['Product Spotlight', 'Athlete Feature', 'Lifestyle and Culture', 'Training and Fitness Tips'], 'scores': [0.3999532461166382, 0.30278000235557556, 0.23009470105171204, 0.06717199087142944]}"
XvLveDyH3jE,Club World Cup final ball reveal but make it a car edit #adidas #football #clubworldcup ğŸ˜®â€ğŸ’¨ğŸ”¥,"Find out more at http://www.adidas.com

Follow us:
Instagram - http://www.instagram.com/adidas
Twitter - https://www.twitter.com/adidas 
TikTok - https://www.tiktok.com/@adidas",2025-07-07T14:00:56Z,9650,260,8,https://www.youtube.com/watch?v=XvLveDyH3jE,,0.02694300518134715,0.0008290155440414508,0.0277720207253886,"{'sequence': 'Club World Cup final ball reveal but make it a car edit #adidas #football #clubworldcup ğŸ˜®\u200dğŸ’¨ğŸ”¥ Find out more at http://www.adidas.com\n\nFollow us:\nInstagram - http://www.instagram.com/adidas\nTwitter - https://www.twitter.com/adidas \nTikTok - https://www.tiktok.com/@adidas', 'labels': ['Product Spotlight', 'Athlete Feature', 'Lifestyle and Culture', 'Training and Fitness Tips'], 'scores': [0.5577040314674377, 0.2079213261604309, 0.16866588592529297, 0.06570880115032196]}"
_kdpsNj4MCc,Sweden is READY for women's euro ğŸ‡¸ğŸ‡ªğŸ¤ #adidas #football #sweden,"Find out more at http://www.adidas.com

Follow us:
Instagram - http://www.instagram.com/adidas
Twitter - https://www.twitter.com/adidas 
TikTok - https://www.tiktok.com/@adidas",2025-07-07T10:39:42Z,11212,179,5,https://www.youtube.com/watch?v=_kdpsNj4MCc,,0.015965037459864433,0.0004459507670353193,0.01641098822689975,"{'sequence': ""Sweden is READY for women's euro ğŸ‡¸ğŸ‡ªğŸ¤ #adidas #football #sweden Find out more at http://www.adidas.com\n\nFollow us:\nInstagram - http://www.instagram.com/adidas\nTwitter - https://www.twitter.com/adidas \nTikTok - https://www.tiktok.com/@adidas"", 'labels': ['Product Spotlight', 'Athlete Feature', 'Lifestyle and Culture', 'Training and Fitness Tips'], 'scores': [0.3776412904262543, 0.3511927127838135, 0.2125309258699417, 0.05863504484295845]}"
eMFh4J72QaI,adidas landing at UEFA Women's Euros (litteraly) ğŸ˜®â€ğŸ’¨ğŸª‚ğŸ”¥ #adidas #football #womensfootball,"because walking in is too basic ğŸª‚ğŸ”¥

Find out more at http://www.adidas.com

Follow us:
Instagram - http://www.instagram.com/adidas
Twitter - https://www.twitter.com/adidas 
TikTok - https://www.tiktok.com/@adidas",2025-07-04T14:30:54Z,9867,280,7,https://www.youtube.com/watch?v=eMFh4J72QaI,,0.028377419681767508,0.0007094354920441877,0.029086855173811696,"{'sequence': ""adidas landing at UEFA Women's Euros (litteraly) ğŸ˜®\u200dğŸ’¨ğŸª‚ğŸ”¥ #adidas #football #womensfootball because walking in is too basic ğŸª‚ğŸ”¥\n\nFind out more at http://www.adidas.com\n\nFollow us:\nInstagram - http://www.instagram.com/adidas\nTwitter - https://www.twitter.com/adidas \nTikTok - https://www.tiktok.com/@adidas"", 'labels': ['Product Spotlight', 'Lifestyle and Culture', 'Athlete Feature', 'Training and Fitness Tips'], 'scores': [0.3848828077316284, 0.29475507140159607, 0.2639617919921875, 0.05640032887458801]}"
ddfvrzIBWng,Ride Home With Jule Brand & Linda Dallmann | adidas,"Ride Home With is a series offering a rare glimpse of top athletes off the field- right after training, on the ride home.
 
In this episode, Jule Brand and Linda Dallmann talk holidays, match nerves, and life beyond football.
 
From relaxed evenings and cooking at home to Swiss German confusion, banters, and looking ahead to the Euros - this is an honest, offbeat chat about the game and everything around it.

Follow us:
Instagram - http://www.instagram.com/adidas
Twitter - https://www.twitter.com/adidas 
TikTok - https://www.tiktok.com/@adidas",2025-07-04T09:00:07Z,31657,835,25,https://www.youtube.com/watch?v=ddfvrzIBWng,,0.02637647281801813,0.000789714755030483,0.027166187573048613,"{'sequence': 'Ride Home With Jule Brand & Linda Dallmann | adidas Ride Home With is a series offering a rare glimpse of top athletes off the field- right after training, on the ride home.\n \nIn this episode, Jule Brand and Linda Dallmann talk holidays, match nerves, and life beyond football.\n \nFrom relaxed evenings and cooking at home to Swiss German confusion, banters, and looking ahead to the Euros - this is an honest, offbeat chat about the game and everything around it.\n\nFollow us:\nInstagram - http://www.instagram.com/adidas\nTwitter - https://www.twitter.com/adidas \nTikTok - https://www.tiktok.com/@adidas', 'labels': ['Athlete Feature', 'Lifestyle and Culture', 'Product Spotlight', 'Training and Fitness Tips'], 'scores': [0.45213136076927185, 0.35160860419273376, 0.1196003258228302, 0.07665973901748657]}"
QyklXwytPEk,what we see ğŸ†š what the front camera sees ğŸ‘€ #adidas #tennis #funny,"Find out more at http://www.adidas.com

Follow us:
Instagram - http://www.instagram.com/adidas
Twitter - https://www.twitter.com/adidas 
TikTok - https://www.tiktok.com/@adidas",2025-07-04T07:00:23Z,9636,199,4,https://www.youtube.com/watch?v=QyklXwytPEk,,0.020651722706517227,0.00041511000415110004,0.021066832710668327,"{'sequence': 'what we see ğŸ†š what the front camera sees ğŸ‘€ #adidas #tennis #funny Find out more at http://www.adidas.com\n\nFollow us:\nInstagram - http://www.instagram.com/adidas\nTwitter - https://www.twitter.com/adidas \nTikTok - https://www.tiktok.com/@adidas', 'labels': ['Lifestyle and Culture', 'Athlete Feature', 'Product Spotlight', 'Training and Fitness Tips'], 'scores': [0.411324143409729, 0.2660236358642578, 0.2204408496618271, 0.1022113636136055]}"
GoFd8F5xLy8,Carsen Edwards - A Family Thing | adidas,"Heâ€™s a star point guard at FC Bayern Basketball. EuroLeague top scorer with 20.7 PPG. 2024â€“25 All-EuroLeague First Team. German National Champion. German Cup winner. Finals MVP. Carsen Edwards is stacking accolades - but where does he find his strength when the lights go off? 
 
In this intimate short documentary, we step beyond the hardwood and into the heart of Carsenâ€™s world. From family childhood memories to life overseas in Germany, Carsen opens up about the role his family - especially his big brother - has played in shaping who he is, both as an athlete and a person.
 
With unseen behind-the-scenes footage, â€œCarsen Edwards â€“ A Family Thingâ€ offers a rare look into the private life of a pro basketball player, showing us how family isnâ€™t just part of the journey â€“ it is the journey.

Find out more at http://www.adidas.com

Follow us:
Instagram - http://www.instagram.com/adidas
Twitter - https://www.twitter.com/adidas 
TikTok - https://www.tiktok.com/@adidas",2025-07-03T16:00:11Z,8796,367,31,https://www.youtube.com/watch?v=GoFd8F5xLy8,,0.04172351068667576,0.0035243292405638927,0.04524783992723965,"{'sequence': 'Carsen Edwards - A Family Thing | adidas Heâ€™s a star point guard at FC Bayern Basketball. EuroLeague top scorer with 20.7 PPG. 2024â€“25 All-EuroLeague First Team. German National Champion. German Cup winner. Finals MVP. Carsen Edwards is stacking accolades - but where does he find his strength when the lights go off? \n \nIn this intimate short documentary, we step beyond the hardwood and into the heart of Carsenâ€™s world. From family childhood memories to life overseas in Germany, Carsen opens up about the role his family - especially his big brother - has played in shaping who he is, both as an athlete and a person.\n \nWith unseen behind-the-scenes footage, â€œCarsen Edwards â€“ A Family Thingâ€ offers a rare look into the private life of a pro basketball player, showing us how family isnâ€™t just part of the journey â€“ it is the journey.\n\nFind out more at http://www.adidas.com\n\nFollow us:\nInstagram - http://www.instagram.com/adidas\nTwitter - https://www.twitter.com/adidas \nTikTok - https://www.tiktok.com/@adidas', 'labels': ['Athlete Feature', 'Product Spotlight', 'Lifestyle and Culture', 'Training and Fitness Tips'], 'scores': [0.587921679019928, 0.1935943365097046, 0.15932431817054749, 0.05915970727801323]}"
Y0cSi6o9hOg,"Ashlyn Kruger's GOAT picks ğŸ | Life, Style, Snacks & Soundtracks","Find out more at http://www.adidas.com

Follow us:
Instagram - http://www.instagram.com/adidas
Twitter - https://www.twitter.com/adidas 
TikTok - https://www.tiktok.com/@adidas",2025-07-03T13:47:37Z,7353,90,6,https://www.youtube.com/watch?v=Y0cSi6o9hOg,,0.012239902080783354,0.0008159934720522236,0.013055895552835577,"{'sequence': ""Ashlyn Kruger's GOAT picks ğŸ | Life, Style, Snacks & Soundtracks Find out more at http://www.adidas.com\n\nFollow us:\nInstagram - http://www.instagram.com/adidas\nTwitter - https://www.twitter.com/adidas \nTikTok - https://www.tiktok.com/@adidas"", 'labels': ['Product Spotlight', 'Lifestyle and Culture', 'Athlete Feature', 'Training and Fitness Tips'], 'scores': [0.43155092000961304, 0.388668417930603, 0.14370447397232056, 0.03607621788978577]}"
yJcsEgaQnpo,current situation: ğŸ“ğŸ‡¨ğŸ‡­â›°ï¸âš½ï¸ #adidas #football #weuro2025 #switzerland,,2025-07-02T15:29:44Z,10465,257,7,https://www.youtube.com/watch?v=yJcsEgaQnpo,,0.024558050645007167,0.0006688963210702341,0.025226946966077402,"{'sequence': 'current situation: ğŸ“ğŸ‡¨ğŸ‡­â›°ï¸âš½ï¸ #adidas #football #weuro2025 #switzerland ', 'labels': ['Athlete Feature', 'Product Spotlight', 'Lifestyle and Culture', 'Training and Fitness Tips'], 'scores': [0.49303433299064636, 0.3242796063423157, 0.11912801116704941, 0.06355808675289154]}"
nWP067Z7XXs,Y-3 | SPRING/SUMMER 2026 PRESENTATION,"28 /// 06 /// 25

Y-3 SPRING/SUMMER 2026 PRESENTATION

A deeply human story told without words, where movement becomes language.

Y-3 and KianÃ­ Del Valle redefine the runway through â€œIâ€™ll Meet You at the Horizonâ€ â€“ an immersive dramaturgy of dualities, gazes, and connection.

Ashy tones, timeless blacks, vibrant greens â€“ silhouettes in motion, Three Stripes in light, and the raw power of movement.",2025-07-02T09:33:54Z,5073,125,13,https://www.youtube.com/watch?v=nWP067Z7XXs,,0.024640252316183716,0.002562586240883107,0.027202838557066823,"{'sequence': 'Y-3 | SPRING/SUMMER 2026 PRESENTATION 28 /// 06 /// 25\n\nY-3 SPRING/SUMMER 2026 PRESENTATION\n\nA deeply human story told without words, where movement becomes language.\n\nY-3 and KianÃ­ Del Valle redefine the runway through â€œIâ€™ll Meet You at the Horizonâ€ â€“ an immersive dramaturgy of dualities, gazes, and connection.\n\nAshy tones, timeless blacks, vibrant greens â€“ silhouettes in motion, Three Stripes in light, and the raw power of movement.', 'labels': ['Product Spotlight', 'Lifestyle and Culture', 'Athlete Feature', 'Training and Fitness Tips'], 'scores': [0.4443475604057312, 0.2384992390871048, 0.23221395909786224, 0.08493923395872116]}"
IK-IkppkQGI,Ashlyn Krueger Most Iconic adidas Dress ğŸ¾ğŸ‘—,,2025-07-02T09:00:25Z,7476,113,5,https://www.youtube.com/watch?v=IK-IkppkQGI,,0.015115034777956126,0.0006688068485821295,0.015783841626538255,"{'sequence': 'Ashlyn Krueger Most Iconic adidas Dress ğŸ¾ğŸ‘— ', 'labels': ['Athlete Feature', 'Product Spotlight', 'Lifestyle and Culture', 'Training and Fitness Tips'], 'scores': [0.44003280997276306, 0.3426443636417389, 0.18765121698379517, 0.02967160753905773]}"
dz7Xc5OQPZI,Joe Hart ğŸ†š Edwin van der Sar reaction challenge âš½ï¸ğŸ‘€ #adidas #football #challenge,"Find out more at http://www.adidas.com

Follow us:
Instagram - http://www.instagram.com/adidas
Twitter - https://www.twitter.com/adidas 
TikTok - https://www.tiktok.com/@adidas",2025-07-01T11:01:21Z,25523,269,6,https://www.youtube.com/watch?v=dz7Xc5OQPZI,,0.010539513380088548,0.00023508208282725385,0.0107745954629158,"{'sequence': 'Joe Hart ğŸ†š Edwin van der Sar reaction challenge âš½ï¸ğŸ‘€ #adidas #football #challenge Find out more at http://www.adidas.com\n\nFollow us:\nInstagram - http://www.instagram.com/adidas\nTwitter - https://www.twitter.com/adidas \nTikTok - https://www.tiktok.com/@adidas', 'labels': ['Athlete Feature', 'Lifestyle and Culture', 'Product Spotlight', 'Training and Fitness Tips'], 'scores': [0.4222108721733093, 0.27205297350883484, 0.2461073100566864, 0.05962890014052391]}"
sjb7ivR0Rts,Aitana Bonmati and Maria = ğŸ«¶ğŸ’«ğŸ«‚ğŸ’—ğŸ˜„ #adidas #football #aitanabonmati,"Find out more at http://www.adidas.com

Follow us:
Instagram - http://www.instagram.com/adidas
Twitter - https://www.twitter.com/adidas 
TikTok - https://www.tiktok.com/@adidas",2025-06-30T12:01:43Z,7480,134,4,https://www.youtube.com/watch?v=sjb7ivR0Rts,,0.017914438502673796,0.0005347593582887701,0.018449197860962566,"{'sequence': 'Aitana Bonmati and Maria = ğŸ«¶ğŸ’«ğŸ«‚ğŸ’—ğŸ˜„ #adidas #football #aitanabonmati Find out more at http://www.adidas.com\n\nFollow us:\nInstagram - http://www.instagram.com/adidas\nTwitter - https://www.twitter.com/adidas \nTikTok - https://www.tiktok.com/@adidas', 'labels': ['Athlete Feature', 'Product Spotlight', 'Lifestyle and Culture', 'Training and Fitness Tips'], 'scores': [0.35726118087768555, 0.3453882336616516, 0.23169831931591034, 0.06565220654010773]}"
RSihovonSzg,Ashlyn Krueger Tries to Guess British Slang ğŸ‡¬ğŸ‡§ğŸ¾,,2025-06-30T12:01:01Z,14995,321,3,https://www.youtube.com/watch?v=RSihovonSzg,,0.021407135711903967,0.00020006668889629878,0.021607202400800267,"{'sequence': 'Ashlyn Krueger Tries to Guess British Slang ğŸ‡¬ğŸ‡§ğŸ¾ ', 'labels': ['Athlete Feature', 'Lifestyle and Culture', 'Product Spotlight', 'Training and Fitness Tips'], 'scores': [0.3630234897136688, 0.25797080993652344, 0.2534532845020294, 0.1255524754524231]}"
jTpECSzKo0o,What Pressure Really Means to Ashlyn Krueger ğŸ”¥,â€œPressure is a privilege.â€ ğŸ’¬ Ashlyn Krueger opens up on the mindset that fuels her rise and what it really takes to compete at the top.,2025-06-29T13:01:18Z,7589,106,2,https://www.youtube.com/watch?v=jTpECSzKo0o,,0.013967584662010805,0.0002635393332454869,0.014231123995256292,"{'sequence': 'What Pressure Really Means to Ashlyn Krueger ğŸ”¥ â€œPressure is a privilege.â€ ğŸ’¬ Ashlyn Krueger opens up on the mindset that fuels her rise and what it really takes to compete at the top.', 'labels': ['Athlete Feature', 'Product Spotlight', 'Lifestyle and Culture', 'Training and Fitness Tips'], 'scores': [0.7248311638832092, 0.13100869953632355, 0.0788719654083252, 0.06528820097446442]}"
J0rIuB1bGXM,Just Thomas MÃ¼ller doing some Club World Cup grocery shopping ğŸ¤ ğŸ›’ #adidas #football #outfit,"Find out more at http://www.adidas.com

Follow us:
Instagram - http://www.instagram.com/adidas
Twitter - https://www.twitter.com/adidas 
TikTok - https://www.tiktok.com/@adidas",2025-06-28T11:00:37Z,16514,700,11,https://www.youtube.com/watch?v=J0rIuB1bGXM,,0.04238827661378224,0.0006661014896451496,0.043054378103427396,"{'sequence': 'Just Thomas MÃ¼ller doing some Club World Cup grocery shopping ğŸ¤ ğŸ›’ #adidas #football #outfit Find out more at http://www.adidas.com\n\nFollow us:\nInstagram - http://www.instagram.com/adidas\nTwitter - https://www.twitter.com/adidas \nTikTok - https://www.tiktok.com/@adidas', 'labels': ['Athlete Feature', 'Product Spotlight', 'Lifestyle and Culture', 'Training and Fitness Tips'], 'scores': [0.42102372646331787, 0.3234928250312805, 0.2197827398777008, 0.03570069745182991]}"
V3cCksD5sp8,The Stuff That Makes Ashlyn Kruegerâ€¦ Ashlyn ğŸ¾ #adidas #tennis,"From matcha to mindset, Sambas to stuffed animals, Ashlyn Krueger unpacks the little things that shape the big moments.",2025-06-27T13:07:46Z,15670,643,6,https://www.youtube.com/watch?v=V3cCksD5sp8,,0.0410338225909381,0.00038289725590299936,0.041416719846841095,"{'sequence': 'The Stuff That Makes Ashlyn Kruegerâ€¦ Ashlyn ğŸ¾ #adidas #tennis From matcha to mindset, Sambas to stuffed animals, Ashlyn Krueger unpacks the little things that shape the big moments.', 'labels': ['Lifestyle and Culture', 'Athlete Feature', 'Product Spotlight', 'Training and Fitness Tips'], 'scores': [0.48552224040031433, 0.4065098762512207, 0.0552213154733181, 0.05274659022688866]}"
mLiP7UGGkSo,Meet Ashlyn Krueger: The Tennis Pro With a Shoebox Full of Stories | Out of the Box,"The iconic adidas shoebox isnâ€™t just for kicks! Out of the Box is a series where athletes unpack a box full of surprise items that tell the story of their life - both in sport and beyond.

In this episode, tennis pro Ashlyn Krueger reveals some of her most prized possessions - plus a few things she just canâ€™t live without. Find out whatâ€™s inside!

Directed by Oliver Warren 
Produced by Little Dot Studios 


Find out more at http://www.adidas.com

Follow us:
Instagram - http://www.instagram.com/adidas
Twitter - https://www.twitter.com/adidas 
TikTok - https://www.tiktok.com/@adidas",2025-06-27T13:01:37Z,9884,120,11,https://www.youtube.com/watch?v=mLiP7UGGkSo,,0.012140833670578713,0.001112909753136382,0.013253743423715094,"{'sequence': 'Meet Ashlyn Krueger: The Tennis Pro With a Shoebox Full of Stories | Out of the Box The iconic adidas shoebox isnâ€™t just for kicks! Out of the Box is a series where athletes unpack a box full of surprise items that tell the story of their life - both in sport and beyond.\n\nIn this episode, tennis pro Ashlyn Krueger reveals some of her most prized possessions - plus a few things she just canâ€™t live without. Find out whatâ€™s inside!\n\nDirected by Oliver Warren \nProduced by Little Dot Studios \n\n\nFind out more at http://www.adidas.com\n\nFollow us:\nInstagram - http://www.instagram.com/adidas\nTwitter - https://www.twitter.com/adidas \nTikTok - https://www.tiktok.com/@adidas', 'labels': ['Athlete Feature', 'Lifestyle and Culture', 'Product Spotlight', 'Training and Fitness Tips'], 'scores': [0.6284518837928772, 0.2171982079744339, 0.11291740089654922, 0.04143243655562401]}"
ivoLLzP5_oo,adidas Japan H ğŸ¤ looking good in every color ğŸ˜ğŸ”¥#adidas #sneakers,"Find out more at http://www.adidas.com

Follow us:
Instagram - http://www.instagram.com/adidas
Twitter - https://www.twitter.com/adidas 
TikTok - https://www.tiktok.com/@adidas",2025-06-27T09:01:12Z,16673,758,12,https://www.youtube.com/watch?v=ivoLLzP5_oo,,0.04546272416481737,0.0007197265039285072,0.04618245066874588,"{'sequence': 'adidas Japan H ğŸ¤ looking good in every color ğŸ˜ğŸ”¥#adidas #sneakers Find out more at http://www.adidas.com\n\nFollow us:\nInstagram - http://www.instagram.com/adidas\nTwitter - https://www.twitter.com/adidas \nTikTok - https://www.tiktok.com/@adidas', 'labels': ['Product Spotlight', 'Lifestyle and Culture', 'Athlete Feature', 'Training and Fitness Tips'], 'scores': [0.4409220516681671, 0.26940634846687317, 0.23913653194904327, 0.05053506791591644]}"
g3m8B_tefxY,the opportunity that Aitana Bonmati has ğŸ«¶ğŸ’« #adidas #football #aitanabonmati,"Find out more at http://www.adidas.com

Follow us:
Instagram - http://www.instagram.com/adidas
Twitter - https://www.twitter.com/adidas 
TikTok - https://www.tiktok.com/@adidas",2025-06-26T12:01:17Z,11248,609,2,https://www.youtube.com/watch?v=g3m8B_tefxY,,0.054142958748221906,0.00017780938833570413,0.05432076813655761,"{'sequence': 'the opportunity that Aitana Bonmati has ğŸ«¶ğŸ’« #adidas #football #aitanabonmati Find out more at http://www.adidas.com\n\nFollow us:\nInstagram - http://www.instagram.com/adidas\nTwitter - https://www.twitter.com/adidas \nTikTok - https://www.tiktok.com/@adidas', 'labels': ['Product Spotlight', 'Athlete Feature', 'Lifestyle and Culture', 'Training and Fitness Tips'], 'scores': [0.42667660117149353, 0.37089449167251587, 0.1584654599428177, 0.043963443487882614]}"
cLnWOmJLeDs,Ashlyn Krueger ğŸ†š the Clock â±ï¸ Shoebox Challenge!,,2025-06-25T15:07:02Z,12373,230,4,https://www.youtube.com/watch?v=cLnWOmJLeDs,,0.01858886284652065,0.0003232845712438374,0.018912147417764487,"{'sequence': 'Ashlyn Krueger ğŸ†š the Clock â±ï¸ Shoebox Challenge! ', 'labels': ['Athlete Feature', 'Product Spotlight', 'Lifestyle and Culture', 'Training and Fitness Tips'], 'scores': [0.4594063460826874, 0.2770611345767975, 0.13521896302700043, 0.1283135712146759]}"
YLzxxxC3NZg,bouldering on another level ğŸ”¥ğŸ™Œ  #adidas #bouldering #climbing,"Find out more at http://www.adidas.com

Follow us:
Instagram - http://www.instagram.com/adidas
Twitter - https://www.twitter.com/adidas 
TikTok - https://www.tiktok.com/@adidas",2025-06-24T12:01:02Z,13718,161,5,https://www.youtube.com/watch?v=YLzxxxC3NZg,,0.011736404723720659,0.0003644846187490888,0.012100889342469747,"{'sequence': 'bouldering on another level ğŸ”¥ğŸ™Œ  #adidas #bouldering #climbing Find out more at http://www.adidas.com\n\nFollow us:\nInstagram - http://www.instagram.com/adidas\nTwitter - https://www.twitter.com/adidas \nTikTok - https://www.tiktok.com/@adidas', 'labels': ['Lifestyle and Culture', 'Product Spotlight', 'Athlete Feature', 'Training and Fitness Tips'], 'scores': [0.4140428304672241, 0.2605287432670593, 0.23226287961006165, 0.09316552430391312]}"
A8vq5yBcwg0,Aitana Bonmati ğŸ«¶â¤ï¸ #adidas #football #aitanabonmati,"Find out more at http://www.adidas.com

Follow us:
Instagram - http://www.instagram.com/adidas
Twitter - https://www.twitter.com/adidas 
TikTok - https://www.tiktok.com/@adidas",2025-06-23T12:00:31Z,18332,344,9,https://www.youtube.com/watch?v=A8vq5yBcwg0,,0.018765001090988435,0.0004909447959851625,0.0192559458869736,"{'sequence': 'Aitana Bonmati ğŸ«¶â¤ï¸ #adidas #football #aitanabonmati Find out more at http://www.adidas.com\n\nFollow us:\nInstagram - http://www.instagram.com/adidas\nTwitter - https://www.twitter.com/adidas \nTikTok - https://www.tiktok.com/@adidas', 'labels': ['Product Spotlight', 'Athlete Feature', 'Lifestyle and Culture', 'Training and Fitness Tips'], 'scores': [0.369869202375412, 0.3226701021194458, 0.24354073405265808, 0.06391992419958115]}"
GFT6Wt9VDWQ,Great Rivals Make Great Motivation | adidas,"adidas and athletes Aitana Bonmati, Alessia Russo, Jule Brand, Stina Blackstenius, Kadidiatou Diani and Lia WaltÃ­ shows us that competitive spirit is a positive aspect of sport, one that can both push individual performance and continue to elevate women's football. 

Everyone needs something - and someone to drive you, to make you get up every day to train, to test yourself against, to keep trying to chase, but also to inspire new heights in your game.

It's the strength in competition, the power of rivalry, that motivate us to be our best, to
make us believe, You Got This.

#adidas #football

Find out more at http://www.adidas.com/yougotthis",2025-06-23T08:23:01Z,23198,843,44,https://www.youtube.com/watch?v=GFT6Wt9VDWQ,,0.036339339598241226,0.0018967152340719027,0.038236054832313134,"{'sequence': ""Great Rivals Make Great Motivation | adidas adidas and athletes Aitana Bonmati, Alessia Russo, Jule Brand, Stina Blackstenius, Kadidiatou Diani and Lia WaltÃ­ shows us that competitive spirit is a positive aspect of sport, one that can both push individual performance and continue to elevate women's football. \n\nEveryone needs something - and someone to drive you, to make you get up every day to train, to test yourself against, to keep trying to chase, but also to inspire new heights in your game.\n\nIt's the strength in competition, the power of rivalry, that motivate us to be our best, to\nmake us believe, You Got This.\n\n#adidas #football\n\nFind out more at http://www.adidas.com/yougotthis"", 'labels': ['Athlete Feature', 'Product Spotlight', 'Lifestyle and Culture', 'Training and Fitness Tips'], 'scores': [0.7182389497756958, 0.21667316555976868, 0.04122362285852432, 0.023864304646849632]}"
uNVPiwihYvA,How Messi and Mahomes Motivate Each Other to Reach New Heights,"Someoneâ€™s pushing Patrick Mahomes buttons.

adidas athletes Patrick Mahomes andâ€‹ LeoMessiâ© push each other forward in this new film reminding us that when youâ€™ve got someone by your side - You Got This.

Even the world's greatest athletes need someone to support them, to motivate them, to push them, to believe in them. In some cases, being around other greats, are the best way to have fun, to loosen up, to lift their mood, to get even better.

Having someone to push you can mean the difference between improvement and stagnation. Between feeling bogged down or like maybe your best is still ahead of you and anything is possible.  

When someone you respect pushes the yardstick forward and challenges you to come with them, you know #yougotthis 

#adidas #soccer #football

Find out more at http://www.adidas.com/yougotthis

Follow us:
Instagram -   / adidas  
Twitter -   / adidas   
TikTok -   / adidas",2025-06-23T07:51:40Z,1507123,3573,86,https://www.youtube.com/watch?v=uNVPiwihYvA,,0.002370742135844254,5.706236319132546e-05,0.0024278044990355798,"{'sequence': ""How Messi and Mahomes Motivate Each Other to Reach New Heights Someoneâ€™s pushing Patrick Mahomes buttons.\n\nadidas athletes Patrick Mahomes and\u200b LeoMessi\u2069 push each other forward in this new film reminding us that when youâ€™ve got someone by your side - You Got This.\n\nEven the world's greatest athletes need someone to support them, to motivate them, to push them, to believe in them. In some cases, being around other greats, are the best way to have fun, to loosen up, to lift their mood, to get even better.\n\nHaving someone to push you can mean the difference between improvement and stagnation. Between feeling bogged down or like maybe your best is still ahead of you and anything is possible.  \n\nWhen someone you respect pushes the yardstick forward and challenges you to come with them, you know #yougotthis \n\n#adidas #soccer #football\n\nFind out more at http://www.adidas.com/yougotthis\n\nFollow us:\nInstagram -   / adidas  \nTwitter -   / adidas   \nTikTok -   / adidas"", 'labels': ['Athlete Feature', 'Product Spotlight', 'Lifestyle and Culture', 'Training and Fitness Tips'], 'scores': [0.7261372208595276, 0.13267938792705536, 0.0895245373249054, 0.05165883153676987]}"
taMR5F-uJlY,Angryginge ğŸ†š  Tobi Brown reaction challenge âš½ï¸ğŸ‘€ #adidas #football #challenge,"Find out more at http://www.adidas.com

Follow us:
Instagram - http://www.instagram.com/adidas
Twitter - https://www.twitter.com/adidas 
TikTok - https://www.tiktok.com/@adidas",2025-06-23T07:00:54Z,64264,523,1,https://www.youtube.com/watch?v=taMR5F-uJlY,,0.008138304493962405,1.5560811651935766e-05,0.00815386530561434,"{'sequence': 'Angryginge ğŸ†š  Tobi Brown reaction challenge âš½ï¸ğŸ‘€ #adidas #football #challenge Find out more at http://www.adidas.com\n\nFollow us:\nInstagram - http://www.instagram.com/adidas\nTwitter - https://www.twitter.com/adidas \nTikTok - https://www.tiktok.com/@adidas', 'labels': ['Lifestyle and Culture', 'Athlete Feature', 'Product Spotlight', 'Training and Fitness Tips'], 'scores': [0.35923659801483154, 0.33811601996421814, 0.234684556722641, 0.06796278804540634]}"
tTTqDrXISwA,Finals Dub. #adidas #basketball #champion,,2025-06-23T03:04:14Z,20903,1343,10,https://www.youtube.com/watch?v=tTTqDrXISwA,,0.0642491508395924,0.00047840022963211023,0.06472755106922451,"{'sequence': 'Finals Dub. #adidas #basketball #champion ', 'labels': ['Athlete Feature', 'Product Spotlight', 'Lifestyle and Culture', 'Training and Fitness Tips'], 'scores': [0.5438264608383179, 0.35547515749931335, 0.06538555771112442, 0.035312801599502563]}"
fbiSRmslHJc,the role of Aitana Bonmati for the future generations âœ¨ğŸ’­ #adidas #football #aitanabonmati,"Find out more at http://www.adidas.com

Follow us:
Instagram - http://www.instagram.com/adidas
Twitter - https://www.twitter.com/adidas 
TikTok - https://www.tiktok.com/@adidas",2025-06-22T12:01:14Z,17754,912,5,https://www.youtube.com/watch?v=fbiSRmslHJc,,0.05136870564379858,0.00028162667567872027,0.0516503323194773,"{'sequence': 'the role of Aitana Bonmati for the future generations âœ¨ğŸ’­ #adidas #football #aitanabonmati Find out more at http://www.adidas.com\n\nFollow us:\nInstagram - http://www.instagram.com/adidas\nTwitter - https://www.twitter.com/adidas \nTikTok - https://www.tiktok.com/@adidas', 'labels': ['Athlete Feature', 'Product Spotlight', 'Lifestyle and Culture', 'Training and Fitness Tips'], 'scores': [0.3920822739601135, 0.32364264130592346, 0.22980251908302307, 0.054472532123327255]}"
agRDDHjVJto,Pov: you are at the corner at a football game âš½ï¸ğŸš© #football #pov #goal,"Find out more at http://www.adidas.com

Follow us:
Instagram - http://www.instagram.com/adidas
Twitter - https://www.twitter.com/adidas 
TikTok - https://www.tiktok.com/@adidas",2025-06-22T07:00:02Z,19456,505,8,https://www.youtube.com/watch?v=agRDDHjVJto,,0.025956003289473683,0.00041118421052631577,0.0263671875,"{'sequence': 'Pov: you are at the corner at a football game âš½ï¸ğŸš© #football #pov #goal Find out more at http://www.adidas.com\n\nFollow us:\nInstagram - http://www.instagram.com/adidas\nTwitter - https://www.twitter.com/adidas \nTikTok - https://www.tiktok.com/@adidas', 'labels': ['Lifestyle and Culture', 'Product Spotlight', 'Athlete Feature', 'Training and Fitness Tips'], 'scores': [0.3330535590648651, 0.28931161761283875, 0.27987048029899597, 0.09776436537504196]}"
pEm_TqIqyzg,Aitana Bonmati and her friends ğŸ˜ğŸ’« #adidas #football #aitanabonmati,"Find out more at http://www.adidas.com

Follow us:
Instagram - http://www.instagram.com/adidas
Twitter - https://www.twitter.com/adidas 
TikTok - https://www.tiktok.com/@adidas",2025-06-21T17:01:05Z,17825,490,8,https://www.youtube.com/watch?v=pEm_TqIqyzg,,0.027489481065918652,0.0004488078541374474,0.0279382889200561,"{'sequence': 'Aitana Bonmati and her friends ğŸ˜ğŸ’« #adidas #football #aitanabonmati Find out more at http://www.adidas.com\n\nFollow us:\nInstagram - http://www.instagram.com/adidas\nTwitter - https://www.twitter.com/adidas \nTikTok - https://www.tiktok.com/@adidas', 'labels': ['Athlete Feature', 'Lifestyle and Culture', 'Product Spotlight', 'Training and Fitness Tips'], 'scores': [0.37398824095726013, 0.2864460349082947, 0.285457581281662, 0.05410816892981529]}"
saXEaS0cHnI,Nemanja VidiÄ‡ ğŸ†š  Wayne Rooney reaction challenge âš½ï¸ğŸ‘€ #adidas #football #challenge,"Find out more at http://www.adidas.com

Follow us:
Instagram - http://www.instagram.com/adidas
Twitter - https://www.twitter.com/adidas 
TikTok - https://www.tiktok.com/@adidas",2025-06-21T07:01:01Z,66945,721,12,https://www.youtube.com/watch?v=saXEaS0cHnI,,0.010770035103443125,0.00017925162446784674,0.010949286727910972,"{'sequence': 'Nemanja VidiÄ‡ ğŸ†š  Wayne Rooney reaction challenge âš½ï¸ğŸ‘€ #adidas #football #challenge Find out more at http://www.adidas.com\n\nFollow us:\nInstagram - http://www.instagram.com/adidas\nTwitter - https://www.twitter.com/adidas \nTikTok - https://www.tiktok.com/@adidas', 'labels': ['Athlete Feature', 'Lifestyle and Culture', 'Product Spotlight', 'Training and Fitness Tips'], 'scores': [0.37901872396469116, 0.32596325874328613, 0.22660814225673676, 0.06840985268354416]}"
SmJwLgkNDOs,the friendship between Aitana Bonmati and Maria ğŸ«‚â¤ï¸ #adidas #football #aitanabonmati,"Find out more at http://www.adidas.com

Follow us:
Instagram - http://www.instagram.com/adidas
Twitter - https://www.twitter.com/adidas 
TikTok - https://www.tiktok.com/@adidas",2025-06-20T16:00:50Z,11671,552,4,https://www.youtube.com/watch?v=SmJwLgkNDOs,,0.04729671836175135,0.00034272984320109673,0.047639448204952445,"{'sequence': 'the friendship between Aitana Bonmati and Maria ğŸ«‚â¤ï¸ #adidas #football #aitanabonmati Find out more at http://www.adidas.com\n\nFollow us:\nInstagram - http://www.instagram.com/adidas\nTwitter - https://www.twitter.com/adidas \nTikTok - https://www.tiktok.com/@adidas', 'labels': ['Lifestyle and Culture', 'Athlete Feature', 'Product Spotlight', 'Training and Fitness Tips'], 'scores': [0.35148754715919495, 0.3198177218437195, 0.2530999779701233, 0.0755947083234787]}"
Y20-qZzAq_U,Marcelo is just living his best life at the Club World Cup ğŸ‡§ğŸ‡·ğŸ”¥ #adidas #marcelo #football,"Find out more at http://www.adidas.com

Follow us:
Instagram - http://www.instagram.com/adidas
Twitter - https://www.twitter.com/adidas 
TikTok - https://www.tiktok.com/@adidas",2025-06-20T07:00:35Z,21879,631,8,https://www.youtube.com/watch?v=Y20-qZzAq_U,,0.028840440605146487,0.00036564742447095386,0.029206088029617442,"{'sequence': 'Marcelo is just living his best life at the Club World Cup ğŸ‡§ğŸ‡·ğŸ”¥ #adidas #marcelo #football Find out more at http://www.adidas.com\n\nFollow us:\nInstagram - http://www.instagram.com/adidas\nTwitter - https://www.twitter.com/adidas \nTikTok - https://www.tiktok.com/@adidas', 'labels': ['Athlete Feature', 'Product Spotlight', 'Lifestyle and Culture', 'Training and Fitness Tips'], 'scores': [0.4065656065940857, 0.2974338233470917, 0.2529870569705963, 0.04301350936293602]}"
zgzLOXL3WtM,pov: your friend is busy ğŸ¥²ğŸ˜” #adidas #football #funny,"Find out more at http://www.adidas.com

Follow us:
Instagram - http://www.instagram.com/adidas
Twitter - https://www.twitter.com/adidas 
TikTok - https://www.tiktok.com/@adidas",2025-06-19T12:01:47Z,35436,577,8,https://www.youtube.com/watch?v=zgzLOXL3WtM,,0.01628287617112541,0.0002257591150242691,0.016508635286149678,"{'sequence': 'pov: your friend is busy ğŸ¥²ğŸ˜” #adidas #football #funny Find out more at http://www.adidas.com\n\nFollow us:\nInstagram - http://www.instagram.com/adidas\nTwitter - https://www.twitter.com/adidas \nTikTok - https://www.tiktok.com/@adidas', 'labels': ['Product Spotlight', 'Lifestyle and Culture', 'Athlete Feature', 'Training and Fitness Tips'], 'scores': [0.44640934467315674, 0.2610354721546173, 0.23005543649196625, 0.06249975040555]}"
wmUFJwGDJXM,Behind the scenes with Jude Bellingham & David Alaba âœ¨ğŸ“¸ #adidas #football #realmadrid #bellingham,"Find out more at http://www.adidas.com

Follow us:
Instagram - http://www.instagram.com/adidas
Twitter - https://www.twitter.com/adidas 
TikTok - https://www.tiktok.com/@adidas",2025-06-19T07:00:55Z,33744,1158,12,https://www.youtube.com/watch?v=wmUFJwGDJXM,,0.03431721194879089,0.00035561877667140827,0.0346728307254623,"{'sequence': 'Behind the scenes with Jude Bellingham & David Alaba âœ¨ğŸ“¸ #adidas #football #realmadrid #bellingham Find out more at http://www.adidas.com\n\nFollow us:\nInstagram - http://www.instagram.com/adidas\nTwitter - https://www.twitter.com/adidas \nTikTok - https://www.tiktok.com/@adidas', 'labels': ['Athlete Feature', 'Lifestyle and Culture', 'Product Spotlight', 'Training and Fitness Tips'], 'scores': [0.4632469117641449, 0.2495879977941513, 0.22867192327976227, 0.05849314108490944]}"
r2395DPWo6k,when Aitana Bonmati almost gave up on her football dream ğŸ’­ğŸ”™ #adidas #football #aitanabonmati,"Find out more at http://www.adidas.com

Follow us:
Instagram - http://www.instagram.com/adidas
Twitter - https://www.twitter.com/adidas 
TikTok - https://www.tiktok.com/@adidas",2025-06-18T18:00:53Z,18157,706,5,https://www.youtube.com/watch?v=r2395DPWo6k,,0.03888307539791816,0.00027537588808723907,0.0391584512860054,"{'sequence': 'when Aitana Bonmati almost gave up on her football dream ğŸ’­ğŸ”™ #adidas #football #aitanabonmati Find out more at http://www.adidas.com\n\nFollow us:\nInstagram - http://www.instagram.com/adidas\nTwitter - https://www.twitter.com/adidas \nTikTok - https://www.tiktok.com/@adidas', 'labels': ['Athlete Feature', 'Product Spotlight', 'Lifestyle and Culture', 'Training and Fitness Tips'], 'scores': [0.3979925215244293, 0.3463987708091736, 0.196055606007576, 0.059553101658821106]}"
QTJyUUj74vI,this goal is worth every of the 44 seconds of this video ğŸ˜®â€ğŸ’¨ ğŸ¬ #football #slowmotion #goal,"Find out more at http://www.adidas.com

Follow us:
Instagram - http://www.instagram.com/adidas
Twitter - https://www.twitter.com/adidas 
TikTok - https://www.tiktok.com/@adidas",2025-06-18T12:49:05Z,25774,775,5,https://www.youtube.com/watch?v=QTJyUUj74vI,,0.030069061845270428,0.00019399394738884147,0.03026305579265927,"{'sequence': 'this goal is worth every of the 44 seconds of this video ğŸ˜®\u200dğŸ’¨ ğŸ¬ #football #slowmotion #goal Find out more at http://www.adidas.com\n\nFollow us:\nInstagram - http://www.instagram.com/adidas\nTwitter - https://www.twitter.com/adidas \nTikTok - https://www.tiktok.com/@adidas', 'labels': ['Athlete Feature', 'Lifestyle and Culture', 'Product Spotlight', 'Training and Fitness Tips'], 'scores': [0.34590697288513184, 0.3054913282394409, 0.2729998528957367, 0.07560186088085175]}"
xO6vC_GIRGg,Jude Bellingham ğŸ˜„â¤ï¸ #adidas #football #realmadrid #judebellingham,"Find out more at http://www.adidas.com

Follow us:
Instagram - http://www.instagram.com/adidas
Twitter - https://www.twitter.com/adidas 
TikTok - https://www.tiktok.com/@adidas",2025-06-18T07:00:58Z,36698,1473,25,https://www.youtube.com/watch?v=xO6vC_GIRGg,,0.040138427162243175,0.0006812360346612895,0.040819663196904464,"{'sequence': 'Jude Bellingham ğŸ˜„â¤ï¸ #adidas #football #realmadrid #judebellingham Find out more at http://www.adidas.com\n\nFollow us:\nInstagram - http://www.instagram.com/adidas\nTwitter - https://www.twitter.com/adidas \nTikTok - https://www.tiktok.com/@adidas', 'labels': ['Athlete Feature', 'Product Spotlight', 'Lifestyle and Culture', 'Training and Fitness Tips'], 'scores': [0.4601095914840698, 0.28137680888175964, 0.20038017630577087, 0.05813343822956085]}"
sqPSaf86o5w,7 Beginner Weight Training Exercises For Women | adidas,"Feel strong and confident in the gym with a beginner weightlifting routine for women, featuring seven full body exercises led by strength coach Britany Williams. 

If you're feeling nervous to start a new weight training routine in the gym, weâ€™re here to make it simple. 

With a mix of dumbbells, fixed weight bars, and standard machines, you can do all seven of these moves for a full-body womenâ€™s strength workout, or just pick a few to get comfortable with the flow of a new gym. 

The Exercises: 
1. Dumbbell Goblet Squat (1:03) 
2. Dumbbell Chest Press (2:02) 
3. RDL (3:31) 
4. Seated Shoulder Press (5:01) 
5. Deadbug (6:40) 
6. Bent Over Row (7:49) 
7. Leg Extension (9:10) 

Check out the full story on the adidas blog: https://www.adidas.com/us/blog/beginner-weight-training-for-women-7-exercises-to-try

Find out more at http://www.adidas.com

Follow us:
Instagram - http://www.instagram.com/adidas
Twitter - https://www.twitter.com/adidas 
TikTok - https://www.tiktok.com/@adidas",2025-06-17T17:01:08Z,6002,138,11,https://www.youtube.com/watch?v=sqPSaf86o5w,,0.02299233588803732,0.0018327224258580473,0.02482505831389537,"{'sequence': ""7 Beginner Weight Training Exercises For Women | adidas Feel strong and confident in the gym with a beginner weightlifting routine for women, featuring seven full body exercises led by strength coach Britany Williams. \n\nIf you're feeling nervous to start a new weight training routine in the gym, weâ€™re here to make it simple. \n\nWith a mix of dumbbells, fixed weight bars, and standard machines, you can do all seven of these moves for a full-body womenâ€™s strength workout, or just pick a few to get comfortable with the flow of a new gym. \n\nThe Exercises: \n1. Dumbbell Goblet Squat (1:03) \n2. Dumbbell Chest Press (2:02) \n3. RDL (3:31) \n4. Seated Shoulder Press (5:01) \n5. Deadbug (6:40) \n6. Bent Over Row (7:49) \n7. Leg Extension (9:10) \n\nCheck out the full story on the adidas blog: https://www.adidas.com/us/blog/beginner-weight-training-for-women-7-exercises-to-try\n\nFind out more at http://www.adidas.com\n\nFollow us:\nInstagram - http://www.instagram.com/adidas\nTwitter - https://www.twitter.com/adidas \nTikTok - https://www.tiktok.com/@adidas"", 'labels': ['Product Spotlight', 'Athlete Feature', 'Lifestyle and Culture', 'Training and Fitness Tips'], 'scores': [0.32443949580192566, 0.2586638927459717, 0.23257534205913544, 0.1843213140964508]}"
gJw2QvMzA7Y,"you okay? yeah, I've got my friends! ğŸ’—ğŸ«‚ #adidas #football #aitanabonmati","Find out more at http://www.adidas.com

Follow us:
Instagram - http://www.instagram.com/adidas
Twitter - https://www.twitter.com/adidas 
TikTok - https://www.tiktok.com/@adidas",2025-06-17T17:00:47Z,12235,201,3,https://www.youtube.com/watch?v=gJw2QvMzA7Y,,0.01642827952595014,0.00024519820187985286,0.016673477727829997,"{'sequence': ""you okay? yeah, I've got my friends! ğŸ’—ğŸ«‚ #adidas #football #aitanabonmati Find out more at http://www.adidas.com\n\nFollow us:\nInstagram - http://www.instagram.com/adidas\nTwitter - https://www.twitter.com/adidas \nTikTok - https://www.tiktok.com/@adidas"", 'labels': ['Athlete Feature', 'Lifestyle and Culture', 'Product Spotlight', 'Training and Fitness Tips'], 'scores': [0.3295498192310333, 0.3168657124042511, 0.28681284189224243, 0.06677167117595673]}"
bHi8REw5aW0,Marcelo is all of us in front of the new Real Madrid Away Jersey ğŸ˜ğŸŒ… #adidas #football #realmadrid,"Find out more at http://www.adidas.com

Follow us:
Instagram - http://www.instagram.com/adidas
Twitter - https://www.twitter.com/adidas 
TikTok - https://www.tiktok.com/@adidas",2025-06-17T08:56:21Z,256536,5038,34,https://www.youtube.com/watch?v=bHi8REw5aW0,,0.01963856924564194,0.0001325350048336296,0.019771104250475565,"{'sequence': 'Marcelo is all of us in front of the new Real Madrid Away Jersey ğŸ˜ğŸŒ… #adidas #football #realmadrid Find out more at http://www.adidas.com\n\nFollow us:\nInstagram - http://www.instagram.com/adidas\nTwitter - https://www.twitter.com/adidas \nTikTok - https://www.tiktok.com/@adidas', 'labels': ['Product Spotlight', 'Athlete Feature', 'Lifestyle and Culture', 'Training and Fitness Tips'], 'scores': [0.4455293118953705, 0.30321288108825684, 0.2102784663438797, 0.04097932204604149]}"
XarDFA4dOvQ,the best adidas football boots for your summer outfits â˜€ï¸ğŸ’— #adidas #outfit #footballboots,"Find out more at http://www.adidas.com

Follow us:
Instagram - http://www.instagram.com/adidas
Twitter - https://www.twitter.com/adidas 
TikTok - https://www.tiktok.com/@adidas",2025-06-17T07:00:25Z,26747,1080,8,https://www.youtube.com/watch?v=XarDFA4dOvQ,,0.04037836018992784,0.00029909896436983586,0.04067745915429768,"{'sequence': 'the best adidas football boots for your summer outfits â˜€ï¸ğŸ’— #adidas #outfit #footballboots Find out more at http://www.adidas.com\n\nFollow us:\nInstagram - http://www.instagram.com/adidas\nTwitter - https://www.twitter.com/adidas \nTikTok - https://www.tiktok.com/@adidas', 'labels': ['Product Spotlight', 'Lifestyle and Culture', 'Athlete Feature', 'Training and Fitness Tips'], 'scores': [0.43978938460350037, 0.29101818799972534, 0.23550035059452057, 0.03369208797812462]}"
F8OqNzp_XME,Aitana Bonmati like you've never seen ğŸ“¹â¤ï¸ #adidas #football #aitanabonmati,"Find out more at http://www.adidas.com

Follow us:
Instagram - http://www.instagram.com/adidas
Twitter - https://www.twitter.com/adidas 
TikTok - https://www.tiktok.com/@adidas",2025-06-16T13:00:20Z,16396,534,3,https://www.youtube.com/watch?v=F8OqNzp_XME,,0.03256891924859722,0.00018297145645279338,0.03275189070505001,"{'sequence': ""Aitana Bonmati like you've never seen ğŸ“¹â¤ï¸ #adidas #football #aitanabonmati Find out more at http://www.adidas.com\n\nFollow us:\nInstagram - http://www.instagram.com/adidas\nTwitter - https://www.twitter.com/adidas \nTikTok - https://www.tiktok.com/@adidas"", 'labels': ['Product Spotlight', 'Athlete Feature', 'Lifestyle and Culture', 'Training and Fitness Tips'], 'scores': [0.4312296211719513, 0.2834697365760803, 0.23489825427532196, 0.05040227621793747]}"
2JV1eHgctTw,Aitana BonmatÃ­ by her friend Maria RodrÃ­guez,"Aitana BonmatÃ­ by her friend Maria.
Sheâ€™s a Ballon Dâ€™Or winner and globally recognized as one of the greatest footballers of all time. So who does Aitani BonmatÃ­ look to when she needs belief, support and inspiration? Meet her friend, Maria.

In this exclusive new film, see Aitana through Mariaâ€™s eyes. As they talk about the very real pressures of being a sports star and role model, walk the streets of Aitanaâ€™s hometown, and play a relaxed game of football with friends, Maria shows us a story only a friend could tell.
 
#YouGotThis

A FILM BY ADIDAS Directed by David Terry Fine, Stanley Brock and Maria RodrÃ­guez
 
Feeling supported brings calmness. Like Aitana BonmatÃ­ and her friend Maria RodrÃ­guez, you could share that power with someone else. Get two for one on 3 or 12 month Calm subscriptions for you and your biggest supporter.

Enter via the link for your chance to win: https://go.adidas.com/ihha/or21okb1
 
THIS OFFER IS ONLY AVAILABLE IN  ğŸ‡ºğŸ‡¸US, ğŸ‡¨ğŸ‡¦CA, ğŸ‡©ğŸ‡ªDE, ğŸ‡ªğŸ‡¸ES, ğŸ‡«ğŸ‡·FR, ğŸ‡¬ğŸ‡§GB, ğŸ‡³ğŸ‡±NL, ğŸ‡µğŸ‡±PL, ğŸ‡¦ğŸ‡ºAU, ğŸ‡³ğŸ‡¿NZ, ğŸ‡²ğŸ‡¾MY, ğŸ‡µğŸ‡­PH, ğŸ‡¸ğŸ‡¬SG, ğŸ‡¹ğŸ‡­TH, ğŸ‡¦ğŸ‡ªAE, ğŸ‡ªğŸ‡¬EG, ğŸ‡®ğŸ‡±IL, ğŸ‡®ğŸ‡³IN, ğŸ‡¸ğŸ‡¦SA, and ğŸ‡¿ğŸ‡¦ZA.

See Terms and Conditions for complete details:

Follow us:
Instagram - http://www.instagram.com/adidas
X - https://www.twitter.com/adidas 
TikTok - https://www.tiktok.com/@adidas",2025-06-15T20:30:07Z,76729,2367,135,https://www.youtube.com/watch?v=2JV1eHgctTw,,0.03084883160213218,0.0017594390647603904,0.03260827066689257,"{'sequence': 'Aitana BonmatÃ­ by her friend Maria RodrÃ­guez Aitana BonmatÃ­ by her friend Maria.\nSheâ€™s a Ballon Dâ€™Or winner and globally recognized as one of the greatest footballers of all time. So who does Aitani BonmatÃ­ look to when she needs belief, support and inspiration? Meet her friend, Maria.\n\nIn this exclusive new film, see Aitana through Mariaâ€™s eyes. As they talk about the very real pressures of being a sports star and role model, walk the streets of Aitanaâ€™s hometown, and play a relaxed game of football with friends, Maria shows us a story only a friend could tell.\n \n#YouGotThis\n\nA FILM BY ADIDAS Directed by David Terry Fine, Stanley Brock and Maria RodrÃ­guez\n \nFeeling supported brings calmness. Like Aitana BonmatÃ­ and her friend Maria RodrÃ­guez, you could share that power with someone else. Get two for one on 3 or 12 month Calm subscriptions for you and your biggest supporter.\n\nEnter via the link for your chance to win: https://go.adidas.com/ihha/or21okb1\n \nTHIS OFFER IS ONLY AVAILABLE IN  ğŸ‡ºğŸ‡¸US, ğŸ‡¨ğŸ‡¦CA, ğŸ‡©ğŸ‡ªDE, ğŸ‡ªğŸ‡¸ES, ğŸ‡«ğŸ‡·FR, ğŸ‡¬ğŸ‡§GB, ğŸ‡³ğŸ‡±NL, ğŸ‡µğŸ‡±PL, ğŸ‡¦ğŸ‡ºAU, ğŸ‡³ğŸ‡¿NZ, ğŸ‡²ğŸ‡¾MY, ğŸ‡µğŸ‡­PH, ğŸ‡¸ğŸ‡¬SG, ğŸ‡¹ğŸ‡­TH, ğŸ‡¦ğŸ‡ªAE, ğŸ‡ªğŸ‡¬EG, ğŸ‡®ğŸ‡±IL, ğŸ‡®ğŸ‡³IN, ğŸ‡¸ğŸ‡¦SA, and ğŸ‡¿ğŸ‡¦ZA.\n\nSee Terms and Conditions for complete details:\n\nFollow us:\nInstagram - http://www.instagram.com/adidas\nX - https://www.twitter.com/adidas \nTikTok - https://www.tiktok.com/@adidas', 'labels': ['Product Spotlight', 'Athlete Feature', 'Lifestyle and Culture', 'Training and Fitness Tips'], 'scores': [0.33800825476646423, 0.2773605287075043, 0.20838670432567596, 0.1762445569038391]}"
dV-V8hAOq_8,Aitana Bonmati + Maria = the perfect duo â¤ï¸ğŸ’« #adidas #football #aitanabonmatÃ­,"Find out more at http://www.adidas.com

Follow us:
Instagram - http://www.instagram.com/adidas
Twitter - https://www.twitter.com/adidas 
TikTok - https://www.tiktok.com/@adidas",2025-06-15T16:00:57Z,20702,453,5,https://www.youtube.com/watch?v=dV-V8hAOq_8,,0.02188194377354845,0.00024152255820693652,0.022123466331755385,"{'sequence': 'Aitana Bonmati + Maria = the perfect duo â¤ï¸ğŸ’« #adidas #football #aitanabonmatÃ­ Find out more at http://www.adidas.com\n\nFollow us:\nInstagram - http://www.instagram.com/adidas\nTwitter - https://www.twitter.com/adidas \nTikTok - https://www.tiktok.com/@adidas', 'labels': ['Product Spotlight', 'Athlete Feature', 'Lifestyle and Culture', 'Training and Fitness Tips'], 'scores': [0.34371039271354675, 0.32005739212036133, 0.27357181906700134, 0.06266042590141296]}"
